timestamp,city,temperature,feels_like,temp_min,temp_max,pressure,humidity,wind_speed,wind_deg,clouds,weather_main,weather_description,aqi,pm2_5,pm10,co,no2,o3,so2
2025-11-13 20:50:39.505436,Delhi,24.95,25.23,23.0,27.05,1014,38,4.92,306,2,Clear,clear sky,3,75.29,115.82,383.09,13.53,29.02,22.53
2025-11-13 21:50:39.505436,Hyderabad,21.0,20.98,19.57,24.0,1017,92,4.61,202,91,Rain,light rain,2,38.29,41.46,620.51,31.7,40.96,25.71
2025-11-13 22:50:39.505436,Kolkata,22.78,24.65,21.47,24.34,1009,75,3.39,138,79,Mist,mist,5,149.44,215.66,309.71,28.38,25.17,6.45
2025-11-13 23:50:39.505436,Bangalore,17.17,16.78,16.14,18.56,1010,90,3.06,261,92,Rain,heavy rain,1,8.36,15.79,412.37,14.01,85.74,15.21
2025-11-14 00:50:39.505436,Bangalore,20.09,19.34,18.87,22.4,1001,42,7.07,233,9,Clear,sunny,2,43.23,50.26,824.45,37.81,56.0,8.68
2025-11-14 01:50:39.505436,Bangalore,19.72,18.67,17.96,21.67,990,47,2.11,59,16,Clear,sunny,2,33.07,53.28,520.85,49.76,48.03,24.6
2025-11-14 02:50:39.505436,Delhi,19.68,20.88,17.66,20.8,1007,57,6.01,68,15,Clear,sunny,5,171.55,252.1,758.72,49.24,87.36,16.55
2025-11-14 03:50:39.505436,Ahmedabad,24.32,23.59,22.27,27.0,1009,75,1.3,67,81,Rain,light rain,2,48.39,75.64,201.3,18.86,91.24,28.98
2025-11-14 04:50:39.505436,Mumbai,26.96,28.26,24.9,29.68,1008,31,6.21,150,2,Clear,clear sky,3,68.26,110.05,793.57,34.95,78.48,26.26
2025-11-14 05:50:39.505436,Hyderabad,24.91,22.92,22.07,27.0,1006,71,5.3,130,73,Haze,smoke,4,92.66,136.71,240.81,42.29,94.48,14.29
2025-11-14 06:50:39.505436,Mumbai,30.09,28.47,27.84,32.63,1008,76,7.52,74,99,Rain,light rain,2,53.03,72.29,475.4,29.48,38.29,5.1
2025-11-14 07:50:39.505436,Chennai,34.26,35.68,31.54,35.4,1003,73,5.47,97,64,Clouds,broken clouds,3,64.99,88.61,642.3,23.38,60.26,17.3
2025-11-14 08:50:39.505436,Hyderabad,31.14,31.94,29.87,33.71,1016,66,4.34,204,67,Haze,smoke,3,79.19,119.9,595.95,12.09,75.27,26.69
2025-11-14 09:50:39.505436,Hyderabad,27.77,29.15,24.9,30.49,1029,39,5.33,12,5,Clear,clear sky,2,38.47,57.44,395.75,19.88,69.91,25.4
2025-11-14 10:50:39.505436,Ahmedabad,36.52,35.25,35.36,37.77,1028,66,1.84,203,50,Haze,smoke,2,52.24,92.63,838.03,48.29,79.54,22.19
2025-11-14 11:50:39.505436,Pune,28.36,28.9,25.93,30.8,1018,30,7.41,181,3,Clear,clear sky,2,38.57,65.04,307.4,34.3,31.51,27.65
2025-11-14 12:50:39.505436,Hyderabad,33.31,35.14,32.02,35.03,1019,78,3.64,357,58,Clouds,scattered clouds,3,64.28,86.36,967.38,40.62,80.33,17.99
2025-11-14 13:50:39.505436,Mumbai,33.7,33.42,31.67,36.25,1019,80,0.9,43,82,Rain,heavy rain,3,62.03,99.88,333.48,23.83,49.74,27.86
2025-11-14 14:50:39.505436,Kolkata,34.52,32.87,32.16,37.06,994,78,0.67,175,71,Haze,smoke,5,179.23,282.4,635.4,25.92,85.71,15.32
2025-11-14 15:50:39.505436,Chennai,32.89,32.55,30.77,34.5,1015,40,4.62,179,12,Clear,clear sky,3,61.21,79.57,981.94,33.28,35.98,14.32
2025-11-14 16:50:39.505436,Delhi,31.12,30.72,29.5,33.6,1007,60,7.64,132,51,Mist,fog,4,95.76,139.93,312.17,14.24,51.37,22.27
2025-11-14 17:50:39.505436,Ahmedabad,28.84,30.52,26.97,31.34,1016,61,1.32,115,57,Haze,smoke,3,82.49,134.51,529.59,47.26,89.13,10.46
2025-11-14 18:50:39.505436,Hyderabad,26.9,25.45,25.54,29.12,996,67,6.44,58,43,Haze,haze,2,44.94,68.52,836.93,23.85,61.21,16.63
2025-11-14 19:50:39.505436,Hyderabad,24.14,22.87,22.36,26.43,1019,85,1.36,235,97,Drizzle,light drizzle,2,41.08,65.94,911.23,20.53,24.15,18.63
2025-11-14 20:50:39.505436,Mumbai,21.66,22.1,20.05,24.25,1000,86,1.49,31,81,Rain,heavy rain,2,56.26,101.37,879.24,21.26,66.82,6.57
2025-11-14 21:50:39.505436,Kolkata,23.51,22.26,21.15,25.58,1021,70,5.29,259,99,Rain,heavy rain,3,75.32,126.23,492.87,49.31,70.44,19.44
2025-11-14 22:50:39.505436,Bangalore,18.82,18.09,16.25,21.29,1025,72,1.16,166,74,Mist,mist,1,25.6,54.15,653.93,28.99,27.34,27.25
2025-11-14 23:50:39.505436,Kolkata,24.34,24.63,22.6,26.16,1003,76,2.81,233,94,Rain,moderate rain,4,97.87,151.08,495.57,37.1,43.24,6.37
2025-11-15 00:50:39.505436,Hyderabad,17.71,18.63,15.56,20.33,1028,32,6.62,107,3,Clear,clear sky,2,58.88,115.68,977.9,12.56,56.54,25.82
2025-11-15 01:50:39.505436,Kolkata,24.11,25.18,21.26,26.88,1008,90,1.59,48,92,Drizzle,light drizzle,5,248.32,364.49,316.82,41.08,97.37,17.84
2025-11-15 02:50:39.505436,Chennai,23.42,22.75,20.48,25.63,1012,83,7.88,314,86,Drizzle,drizzle,3,67.26,113.99,650.36,45.54,80.03,7.81
2025-11-15 03:50:39.505436,Kolkata,25.01,26.81,22.82,27.42,1002,50,2.49,13,6,Clear,clear sky,5,234.86,353.17,987.82,40.27,20.2,25.54
2025-11-15 04:50:39.505436,Pune,21.86,23.82,19.21,23.52,1014,72,6.9,76,80,Drizzle,light drizzle,2,37.6,57.44,959.11,22.89,95.14,5.32
2025-11-15 05:50:39.505436,Hyderabad,24.25,24.48,22.04,26.21,1023,50,6.12,67,10,Clear,clear sky,2,56.7,81.04,882.34,25.45,79.73,16.86
2025-11-15 06:50:39.505436,Mumbai,26.05,25.64,23.23,27.64,996,72,6.71,344,47,Mist,fog,3,69.32,94.58,291.97,25.69,96.08,15.15
2025-11-15 07:50:39.505436,Delhi,26.74,26.21,25.22,28.43,1028,71,2.64,317,67,Clouds,overcast clouds,4,102.74,150.92,894.99,42.88,93.72,13.83
2025-11-15 08:50:39.505436,Pune,22.76,21.02,20.89,24.59,1009,40,1.93,240,17,Clear,sunny,1,29.83,44.65,674.03,17.97,58.06,14.98
2025-11-15 09:50:39.505436,Kolkata,30.46,28.52,29.31,32.09,1003,60,1.57,60,54,Clouds,scattered clouds,4,116.59,172.57,203.1,40.12,50.19,25.96
2025-11-15 10:50:39.505436,Hyderabad,29.9,30.66,27.2,32.16,1008,79,3.75,266,49,Mist,mist,2,48.42,82.56,968.29,29.94,45.96,11.68
2025-11-15 11:50:39.505436,Mumbai,33.89,33.38,31.43,35.03,1010,64,7.34,23,77,Clouds,few clouds,4,108.73,177.2,781.21,33.74,94.64,9.83
2025-11-15 12:50:39.505436,Kolkata,31.29,31.79,29.51,32.76,1004,84,0.8,121,96,Drizzle,light drizzle,5,246.88,375.52,987.78,30.84,53.83,19.28
2025-11-15 13:50:39.505436,Mumbai,32.67,31.4,30.06,35.34,1036,67,2.42,108,53,Haze,smoke,3,75.01,91.71,959.94,10.25,61.72,28.13
2025-11-15 14:50:39.505436,Hyderabad,30.21,31.4,28.63,31.87,1008,76,3.59,29,68,Mist,mist,3,87.63,149.26,979.21,19.75,39.35,26.96
2025-11-15 15:50:39.505436,Bangalore,25.06,25.27,23.62,27.35,999,82,7.62,337,89,Drizzle,drizzle,1,5.77,13.03,718.6,41.14,53.23,13.38
2025-11-15 16:50:39.505436,Hyderabad,31.98,30.24,29.4,34.22,1018,70,2.2,166,73,Haze,smoke,2,59.05,86.3,425.13,38.91,77.34,21.93
2025-11-15 17:50:39.505436,Hyderabad,26.36,26.82,23.78,28.63,1008,60,1.05,2,59,Haze,haze,3,72.65,114.48,668.07,15.9,47.35,20.92
2025-11-15 18:50:39.505436,Kolkata,27.91,27.41,26.62,29.01,1018,70,2.03,323,93,Drizzle,light drizzle,5,203.7,309.6,951.1,32.23,20.84,28.71
2025-11-15 19:50:39.505436,Delhi,25.66,26.23,23.65,28.45,1009,58,6.24,136,78,Mist,mist,4,106.52,157.13,356.5,43.07,31.05,26.17
2025-11-15 20:50:39.505436,Hyderabad,19.93,18.63,17.61,22.78,998,51,1.04,55,57,Mist,fog,3,80.48,123.74,639.25,34.08,49.89,6.42
2025-11-15 21:50:39.505436,Mumbai,24.1,24.55,21.37,26.23,1011,78,5.95,94,82,Drizzle,drizzle,3,82.92,121.88,750.12,44.27,38.05,26.02
2025-11-15 22:50:39.505436,Bangalore,19.6,19.17,16.68,21.02,1000,89,4.57,117,82,Drizzle,drizzle,1,7.44,16.23,574.04,36.67,68.52,12.87
2025-11-15 23:50:39.505436,Hyderabad,19.95,21.15,18.9,21.66,998,76,0.51,65,42,Mist,fog,3,61.34,92.37,917.95,25.21,86.57,9.68
2025-11-16 00:50:39.505436,Ahmedabad,24.09,24.81,21.73,25.38,1017,90,7.54,273,89,Rain,light rain,4,119.17,173.74,257.82,46.07,32.85,12.42
2025-11-16 01:50:39.505436,Kolkata,20.3,21.06,18.8,22.25,1000,52,6.01,289,12,Clear,sunny,4,119.89,180.22,548.64,15.91,87.9,22.5
2025-11-16 02:50:39.505436,Mumbai,20.9,19.22,18.82,22.91,1016,76,3.26,218,54,Haze,haze,4,95.15,151.22,239.32,46.61,69.38,7.94
2025-11-16 03:50:39.505436,Pune,20.37,18.86,19.02,23.24,1015,57,4.11,192,67,Haze,smoke,2,38.12,72.61,733.43,30.65,63.45,27.69
2025-11-16 04:50:39.505436,Ahmedabad,26.8,25.95,25.02,28.34,1012,71,7.12,190,41,Mist,mist,4,110.28,178.85,835.14,25.61,80.06,5.42
2025-11-16 05:50:39.505436,Ahmedabad,28.11,28.17,25.29,30.93,1014,77,0.82,352,96,Drizzle,drizzle,3,80.83,114.05,848.79,49.19,83.84,14.95
2025-11-16 06:50:39.505436,Pune,23.25,22.22,20.61,25.32,1010,78,5.49,155,54,Clouds,scattered clouds,2,44.8,61.51,703.03,16.07,96.88,27.23
2025-11-16 07:50:39.505436,Delhi,26.82,27.91,23.83,28.41,1017,77,1.63,210,67,Mist,mist,3,88.47,146.25,452.09,11.23,37.18,9.44
2025-11-16 08:50:39.505436,Bangalore,25.68,24.82,23.73,28.37,1015,50,4.06,326,10,Clear,sunny,2,38.4,60.16,867.7,30.17,96.93,27.69
2025-11-16 09:50:39.505436,Ahmedabad,32.59,32.34,30.78,33.79,1020,71,0.95,219,89,Drizzle,drizzle,2,39.89,65.86,818.56,31.09,59.82,26.1
2025-11-16 10:50:39.505436,Bangalore,30.34,28.41,29.32,33.06,1013,78,6.99,4,90,Drizzle,drizzle,1,12.97,2.79,961.4,14.27,57.49,24.6
2025-11-16 11:50:39.505436,Kolkata,30.56,29.27,28.21,31.72,1016,53,2.13,204,66,Haze,haze,3,88.74,130.01,720.82,19.55,82.44,26.81
2025-11-16 12:50:39.505436,Kolkata,30.84,31.69,28.31,33.55,1013,55,7.09,167,16,Clear,clear sky,3,71.58,107.74,693.54,41.74,20.77,19.03
2025-11-16 13:50:39.505436,Chennai,35.46,37.1,34.29,37.21,1005,58,1.39,83,66,Mist,fog,2,44.36,76.63,257.71,46.6,36.36,22.65
2025-11-16 14:50:39.505436,Delhi,29.24,28.82,26.69,31.01,1014,57,4.86,315,45,Clouds,scattered clouds,4,113.91,165.44,833.09,48.75,61.53,18.69
2025-11-16 15:50:39.505436,Hyderabad,28.82,30.51,27.19,31.7,1028,81,5.55,105,93,Drizzle,light drizzle,3,62.33,83.6,316.75,42.86,87.49,15.77
2025-11-16 16:50:39.505436,Delhi,26.56,28.37,23.84,28.65,1029,72,5.14,262,62,Clouds,few clouds,4,108.0,149.31,880.7,42.77,99.25,28.15
2025-11-16 17:50:39.505436,Pune,26.09,25.55,24.82,27.51,1011,52,2.05,26,50,Mist,fog,2,50.04,81.84,409.85,46.13,37.29,11.92
2025-11-16 18:50:39.505436,Hyderabad,24.36,23.18,21.68,25.44,1007,60,4.06,284,51,Clouds,overcast clouds,3,67.79,97.99,568.98,36.49,32.45,23.96
2025-11-16 19:50:39.505436,Pune,21.49,23.06,19.52,23.39,1017,81,7.62,106,86,Drizzle,light drizzle,1,28.8,33.61,834.21,39.71,70.66,16.75
2025-11-16 20:50:39.505436,Delhi,22.52,24.27,21.13,24.08,997,60,5.3,322,46,Haze,smoke,4,101.96,150.38,326.85,25.72,85.9,5.93
2025-11-16 21:50:39.505436,Delhi,24.05,24.34,22.86,26.48,1008,69,2.36,136,63,Haze,haze,4,98.17,164.12,661.78,12.56,89.0,19.55
2025-11-16 22:50:39.505436,Bangalore,19.45,18.54,16.75,22.3,1020,53,7.8,323,72,Clouds,broken clouds,2,51.97,69.5,866.77,19.27,29.4,6.36
2025-11-16 23:50:39.505436,Chennai,25.33,24.97,23.19,26.88,1010,53,1.12,222,57,Mist,mist,3,77.84,113.31,342.35,37.79,64.07,27.98
2025-11-17 00:50:39.505436,Pune,15.74,15.29,13.19,18.29,1007,48,4.15,142,5,Clear,sunny,2,58.47,89.55,790.96,12.31,21.87,19.27
2025-11-17 01:50:39.505436,Pune,21.49,21.23,19.94,23.75,1017,93,6.4,227,84,Rain,moderate rain,2,52.36,81.0,851.25,35.65,94.28,25.86
2025-11-17 02:50:39.505436,Ahmedabad,26.55,24.93,23.71,28.41,1007,52,7.64,80,9,Clear,clear sky,3,60.08,85.03,601.82,36.08,63.09,7.48
2025-11-17 03:50:39.505436,Ahmedabad,25.79,25.55,23.34,26.92,1021,58,5.24,71,76,Clouds,scattered clouds,3,77.32,128.48,400.12,48.81,52.52,6.07
2025-11-17 04:50:39.505436,Bangalore,21.19,22.18,19.0,23.7,1022,69,1.73,60,60,Clouds,scattered clouds,1,1.89,0.98,446.44,32.14,23.3,11.14
2025-11-17 05:50:39.505436,Mumbai,29.08,29.12,27.11,30.74,1016,75,2.2,311,85,Rain,light rain,4,114.07,168.03,528.47,31.12,66.14,13.8
2025-11-17 06:50:39.505436,Pune,28.82,26.83,27.37,30.37,994,72,3.54,131,86,Drizzle,light drizzle,1,4.02,8.6,958.75,19.19,72.74,17.72
2025-11-17 07:50:39.505436,Delhi,28.24,28.25,26.2,29.77,1022,53,6.59,181,69,Haze,haze,4,99.08,147.62,666.46,14.31,49.71,22.87
2025-11-17 08:50:39.505436,Bangalore,24.93,22.97,23.07,26.64,1009,48,4.05,325,9,Clear,clear sky,2,45.61,53.07,861.82,19.68,99.45,29.81
2025-11-17 09:50:39.505436,Ahmedabad,31.7,32.41,30.01,34.24,1020,41,7.12,201,8,Clear,clear sky,2,35.13,45.42,897.08,20.64,53.91,29.2
2025-11-17 10:50:39.505436,Pune,28.37,28.26,27.24,30.64,1027,54,6.63,2,12,Clear,clear sky,2,33.39,39.92,490.06,27.47,23.34,11.38
2025-11-17 11:50:39.505436,Mumbai,35.17,33.28,33.64,37.45,1013,82,6.0,226,84,Drizzle,drizzle,2,43.19,73.71,817.48,32.75,44.47,27.58
2025-11-17 12:50:39.505436,Delhi,31.96,32.93,30.5,34.57,990,86,4.08,215,80,Drizzle,light drizzle,4,103.97,149.65,614.33,37.03,81.1,26.47
2025-11-17 13:50:39.505436,Delhi,32.27,33.93,30.91,35.01,1023,57,5.6,2,78,Clouds,broken clouds,4,91.03,132.1,769.12,26.79,51.84,28.33
2025-11-17 14:50:39.505436,Mumbai,31.32,29.47,28.83,32.77,1001,67,4.04,232,48,Clouds,few clouds,4,95.06,145.04,421.24,45.38,83.46,24.73
2025-11-17 15:50:39.505436,Bangalore,27.19,27.6,24.71,30.15,1008,73,3.64,190,76,Clouds,broken clouds,3,83.92,131.84,778.27,31.92,34.54,20.68
2025-11-17 16:50:39.505436,Pune,23.82,23.99,22.68,25.31,986,60,4.34,100,49,Clouds,broken clouds,1,8.2,11.54,569.78,25.09,90.87,13.66
2025-11-17 17:50:39.505436,Kolkata,27.35,28.74,24.68,29.0,1005,90,5.24,349,83,Rain,heavy rain,5,231.53,346.76,939.79,30.91,29.75,7.87
2025-11-17 18:50:39.505436,Mumbai,27.88,26.58,25.87,30.6,993,53,5.74,294,6,Clear,sunny,3,87.93,126.39,784.93,36.71,30.57,20.86
2025-11-17 19:50:39.505436,Bangalore,18.39,18.19,15.42,21.38,1013,79,1.87,164,91,Drizzle,drizzle,1,24.27,34.46,293.91,12.18,93.3,22.74
2025-11-17 20:50:39.505436,Pune,20.74,22.33,19.34,23.04,1022,66,6.95,1,66,Clouds,broken clouds,1,24.52,25.34,509.35,19.39,69.65,15.96
2025-11-17 21:50:39.505436,Pune,20.5,21.61,18.76,21.69,1012,73,5.02,185,63,Haze,haze,2,45.42,61.92,474.22,49.44,52.69,17.91
2025-11-17 22:50:39.505436,Chennai,23.69,25.15,21.68,25.65,1005,89,1.01,76,93,Drizzle,drizzle,3,62.96,90.33,957.6,49.7,38.23,7.77
2025-11-17 23:50:39.505436,Chennai,25.38,24.47,23.47,27.63,1011,83,0.54,215,82,Rain,light rain,2,42.71,54.61,957.96,36.18,41.13,16.42
2025-11-18 00:50:39.505436,Kolkata,23.89,23.77,20.95,25.82,998,75,6.41,19,52,Clouds,overcast clouds,3,84.76,125.77,935.19,17.35,35.17,18.84
2025-11-18 01:50:39.505436,Kolkata,22.25,23.88,20.11,24.5,1003,63,4.18,270,79,Haze,haze,4,113.53,165.33,644.21,24.39,54.63,5.67
2025-11-18 02:50:39.505436,Mumbai,27.43,29.08,24.54,28.97,1017,76,3.03,354,83,Drizzle,drizzle,2,41.36,74.32,788.34,44.74,44.79,6.57
2025-11-18 03:50:39.505436,Pune,21.39,19.84,20.02,23.92,1016,30,5.74,136,18,Clear,sunny,2,50.06,68.71,351.33,37.68,95.27,22.64
2025-11-18 04:50:39.505436,Hyderabad,26.17,26.66,24.03,28.32,1005,88,2.5,336,87,Drizzle,drizzle,2,47.89,82.33,236.0,15.51,41.99,29.72
2025-11-18 05:50:39.505436,Pune,22.22,20.33,20.68,23.58,1025,34,7.27,110,6,Clear,clear sky,3,63.23,82.83,717.57,24.78,34.43,15.86
2025-11-18 06:50:39.505436,Delhi,27.37,26.16,25.67,29.42,1006,79,4.91,67,91,Drizzle,drizzle,2,38.9,55.91,577.62,19.2,42.43,25.95
2025-11-18 07:50:39.505436,Kolkata,29.32,27.72,28.13,30.93,1025,36,1.19,238,4,Clear,clear sky,4,101.62,146.82,649.23,45.52,36.16,15.76
2025-11-18 08:50:39.505436,Hyderabad,25.87,24.09,24.2,28.31,1021,85,0.93,191,85,Rain,moderate rain,3,64.23,102.59,499.81,48.99,50.04,12.99
2025-11-18 09:50:39.505436,Pune,25.05,24.35,22.53,27.24,1013,56,4.13,13,63,Mist,fog,3,72.14,113.33,817.43,27.11,21.36,14.3
2025-11-18 10:50:39.505436,Delhi,34.0,33.6,31.12,35.64,996,65,2.15,341,49,Haze,haze,4,94.26,133.03,434.25,27.21,50.65,16.01
2025-11-18 11:50:39.505436,Ahmedabad,30.83,30.13,29.51,33.54,1006,62,6.7,326,63,Mist,fog,3,86.55,139.7,947.34,23.76,81.61,29.69
2025-11-18 12:50:39.505436,Hyderabad,29.42,29.05,26.44,31.42,1008,71,2.18,116,68,Mist,fog,3,83.59,130.34,330.88,20.34,38.07,13.22
2025-11-18 13:50:39.505436,Hyderabad,30.29,28.55,29.27,31.57,1022,56,6.39,45,47,Haze,smoke,2,59.52,94.96,769.35,28.78,44.48,21.55
2025-11-18 14:50:39.505436,Kolkata,31.92,31.32,30.91,34.19,1027,88,6.0,105,88,Rain,moderate rain,4,105.12,161.96,255.32,39.96,46.13,9.85
2025-11-18 15:50:39.505436,Pune,24.43,22.82,22.07,25.81,1021,94,1.12,230,98,Rain,moderate rain,2,40.03,51.32,366.27,26.62,66.86,6.52
2025-11-18 16:50:39.505436,Mumbai,29.86,29.46,28.44,31.1,1014,82,2.3,243,83,Drizzle,light drizzle,4,107.59,156.06,780.34,38.37,30.92,27.1
2025-11-18 17:50:39.505436,Bangalore,22.29,22.88,21.27,23.46,1008,50,1.92,299,65,Mist,mist,1,21.3,9.32,546.97,48.59,48.06,7.95
2025-11-18 18:50:39.505436,Chennai,32.32,34.31,30.98,34.19,1013,93,2.93,26,91,Drizzle,light drizzle,4,98.91,149.61,687.93,16.21,28.23,23.56
2025-11-18 19:50:39.505436,Kolkata,23.67,23.35,21.5,26.56,1005,70,2.0,257,51,Clouds,few clouds,2,46.54,65.62,600.59,32.91,27.32,18.31
2025-11-18 20:50:39.505436,Mumbai,25.59,24.18,23.11,28.02,1025,75,3.23,287,89,Drizzle,drizzle,2,55.88,65.71,945.71,17.43,43.78,6.37
2025-11-18 21:50:39.505436,Chennai,29.78,28.22,27.75,31.92,1025,88,1.72,18,97,Drizzle,drizzle,2,39.08,50.4,315.41,44.07,30.36,13.6
2025-11-18 22:50:39.505436,Pune,19.74,19.04,18.41,21.56,1022,40,1.49,170,6,Clear,sunny,3,84.49,117.25,915.67,42.59,44.99,24.71
2025-11-18 23:50:39.505436,Kolkata,25.58,26.33,23.55,28.24,998,70,2.81,177,86,Drizzle,drizzle,4,118.07,173.05,585.75,14.62,68.76,14.05
2025-11-19 00:50:39.505436,Ahmedabad,21.39,21.01,18.79,22.5,1007,74,3.22,109,77,Mist,fog,3,68.5,102.08,208.66,10.48,32.98,10.04
2025-11-19 01:50:39.505436,Chennai,25.79,24.27,24.37,27.14,1020,50,4.68,184,71,Clouds,scattered clouds,2,51.43,83.21,742.7,33.58,38.16,23.69
2025-11-19 02:50:39.505436,Ahmedabad,21.53,22.61,19.58,23.07,1024,89,6.59,29,87,Drizzle,drizzle,2,36.04,59.8,396.07,29.09,61.27,21.61
2025-11-19 03:50:39.505436,Ahmedabad,25.08,24.51,23.42,26.45,1018,75,6.78,200,85,Rain,moderate rain,2,37.0,63.59,469.84,36.9,57.8,18.91
2025-11-19 04:50:39.505436,Bangalore,23.7,23.76,21.73,26.14,999,50,3.49,189,13,Clear,sunny,2,59.73,83.14,357.42,15.29,87.2,19.86
2025-11-19 05:50:39.505436,Hyderabad,27.27,27.41,24.67,29.33,1015,73,3.72,135,91,Drizzle,drizzle,3,74.44,116.72,968.13,31.68,72.4,13.66
2025-11-19 06:50:39.505436,Chennai,29.18,28.66,27.91,31.38,1015,67,7.4,264,56,Mist,fog,3,64.5,88.55,300.22,11.25,61.92,5.63
2025-11-19 07:50:39.505436,Chennai,33.05,33.1,31.65,34.51,1022,76,3.07,116,80,Drizzle,drizzle,3,64.34,79.8,351.2,42.19,31.9,27.33
2025-11-19 08:50:39.505436,Ahmedabad,32.02,30.11,29.21,33.84,1014,37,4.09,344,13,Clear,clear sky,3,84.76,119.9,344.17,42.58,31.74,12.49
2025-11-19 09:50:39.505436,Chennai,33.62,33.24,30.77,36.08,994,75,6.52,234,98,Drizzle,light drizzle,4,110.7,160.9,394.76,42.05,26.73,22.22
2025-11-19 10:50:39.505436,Chennai,34.4,33.62,32.1,35.66,1029,77,2.54,263,95,Rain,light rain,3,87.75,139.93,211.43,37.1,25.94,22.17
2025-11-19 11:50:39.505436,Hyderabad,33.59,35.39,30.9,36.38,1020,71,2.12,268,41,Mist,mist,4,117.68,175.5,446.87,35.85,55.67,21.93
2025-11-19 12:50:39.505436,Pune,25.88,26.21,22.93,28.61,1007,62,4.27,227,44,Clouds,overcast clouds,1,0.59,6.28,377.42,10.18,86.71,14.35
2025-11-19 13:50:39.505436,Kolkata,28.91,29.82,27.14,31.6,1032,73,6.28,118,77,Haze,smoke,2,51.98,76.22,449.44,21.13,53.14,22.77
2025-11-19 14:50:39.505436,Hyderabad,29.82,30.79,27.71,30.99,1021,79,7.3,268,82,Rain,heavy rain,2,55.4,73.31,739.76,34.02,64.4,14.85
2025-11-19 15:50:39.505436,Delhi,32.09,31.35,30.66,34.3,1003,53,0.7,22,45,Haze,haze,4,105.6,176.7,413.96,24.86,97.9,7.42
2025-11-19 16:50:39.505436,Hyderabad,27.93,27.9,24.96,29.68,1009,70,7.64,13,41,Mist,mist,3,77.65,100.15,467.7,36.58,88.21,5.01
2025-11-19 17:50:39.505436,Bangalore,26.72,25.98,24.49,29.35,1023,94,4.99,264,94,Drizzle,light drizzle,2,43.18,55.81,822.67,48.16,65.76,17.95
2025-11-19 18:50:39.505436,Ahmedabad,28.92,29.39,25.99,31.89,1004,77,5.77,120,92,Drizzle,light drizzle,2,51.25,87.18,229.05,35.75,99.04,22.45
2025-11-19 19:50:39.505436,Bangalore,21.74,21.11,19.53,22.94,998,54,6.3,167,62,Mist,mist,2,36.6,40.33,558.56,23.95,23.26,28.25
2025-11-19 20:50:39.505436,Delhi,24.89,24.71,23.03,27.58,1020,71,5.63,297,82,Rain,moderate rain,4,102.5,172.27,432.52,41.94,79.15,23.83
2025-11-19 21:50:39.505436,Chennai,23.64,22.57,21.78,25.46,1012,64,2.44,268,46,Mist,fog,3,64.65,96.15,218.44,30.76,54.71,22.73
2025-11-19 22:50:39.505436,Pune,20.32,20.6,17.93,22.49,1012,72,4.96,68,79,Mist,mist,1,14.2,18.99,599.76,15.19,22.45,6.15
2025-11-19 23:50:39.505436,Delhi,20.35,19.64,18.65,23.03,999,76,5.26,15,81,Drizzle,drizzle,4,108.33,163.91,408.98,43.48,28.87,27.28
2025-11-20 00:50:39.505436,Bangalore,15.9,15.63,13.57,18.25,1027,58,6.71,97,66,Clouds,broken clouds,3,63.74,80.46,344.9,44.44,88.31,17.27
2025-11-20 01:50:39.505436,Kolkata,20.91,22.21,18.72,23.25,1017,87,1.14,112,95,Drizzle,light drizzle,4,90.56,143.09,412.13,30.01,34.04,16.99
2025-11-20 02:50:39.505436,Pune,17.41,18.63,15.52,18.88,1012,77,5.59,129,79,Mist,fog,2,57.96,89.46,637.9,40.59,35.54,21.25
2025-11-20 03:50:39.505436,Mumbai,27.34,25.93,24.73,28.61,999,58,1.92,116,71,Mist,fog,3,89.44,141.86,476.27,49.45,45.94,10.84
2025-11-20 04:50:39.505436,Hyderabad,24.94,25.64,21.96,26.46,1011,50,0.71,222,74,Clouds,overcast clouds,3,64.18,78.48,518.38,28.07,83.32,10.01
2025-11-20 05:50:39.505436,Pune,23.08,22.73,21.34,25.88,1011,69,5.99,6,49,Mist,mist,2,53.03,73.5,851.36,38.74,73.8,27.74
2025-11-20 06:50:39.505436,Delhi,26.8,27.72,25.71,28.66,1004,79,2.19,346,45,Clouds,scattered clouds,5,220.83,321.31,300.51,34.49,75.48,20.24
2025-11-20 07:50:39.505436,Bangalore,26.06,24.83,24.91,28.49,1010,58,1.74,276,17,Clear,clear sky,1,18.27,28.96,750.41,47.89,34.96,10.12
2025-11-20 08:50:39.505436,Hyderabad,27.62,25.82,25.02,30.49,1017,66,3.53,250,56,Mist,mist,2,53.36,75.2,591.28,27.11,23.09,11.53
2025-11-20 09:50:39.505436,Hyderabad,27.91,27.03,25.93,30.0,1010,79,2.94,37,66,Mist,fog,4,91.69,130.13,280.61,27.58,35.36,15.99
2025-11-20 10:50:39.505436,Mumbai,34.04,32.79,32.7,35.88,1017,89,6.23,263,82,Rain,moderate rain,2,49.87,67.83,218.43,37.06,35.32,21.43
2025-11-20 11:50:39.505436,Chennai,34.07,34.27,31.24,36.73,1022,36,6.97,280,15,Clear,clear sky,2,38.31,55.67,863.13,22.78,87.69,11.14
2025-11-20 12:50:39.505436,Pune,26.09,25.83,23.15,28.4,1008,41,2.6,338,15,Clear,sunny,1,8.58,0.0,843.31,49.99,28.34,13.56
2025-11-20 13:50:39.505436,Mumbai,34.57,35.34,32.46,35.66,1005,72,4.89,292,63,Haze,smoke,3,76.68,140.51,804.75,39.8,51.17,26.23
2025-11-20 14:50:39.505436,Bangalore,29.25,28.57,26.9,31.96,996,93,3.82,134,84,Rain,moderate rain,2,46.2,57.56,262.22,42.55,90.87,26.41
2025-11-20 15:50:39.505436,Pune,27.01,28.89,25.08,29.41,1015,35,4.2,330,1,Clear,clear sky,2,41.89,59.44,331.01,31.25,51.86,12.38
2025-11-20 16:50:39.505436,Mumbai,30.37,30.28,27.52,31.8,1017,70,4.75,317,89,Rain,light rain,3,74.71,122.14,456.61,31.08,28.26,24.46
2025-11-20 17:50:39.505436,Kolkata,28.88,30.69,26.61,31.86,995,76,4.42,221,54,Clouds,few clouds,2,45.73,78.17,760.39,48.85,21.3,8.46
2025-11-20 18:50:39.505436,Delhi,24.12,22.27,22.24,25.16,1014,61,3.03,179,64,Haze,smoke,4,92.62,149.28,458.22,24.32,51.67,28.65
2025-11-20 19:50:39.505436,Delhi,17.93,17.58,16.14,20.72,1015,86,6.66,35,93,Drizzle,drizzle,5,208.29,305.97,232.42,42.15,54.52,22.67
2025-11-20 20:50:39.505436,Chennai,28.26,27.91,25.96,30.64,1021,54,2.75,197,5,Clear,sunny,3,73.14,127.35,883.45,22.73,25.46,25.47
2025-11-20 21:50:39.505436,Kolkata,21.47,20.02,19.02,22.92,1012,90,7.15,149,88,Rain,light rain,4,103.01,133.33,399.99,19.14,39.33,23.24
2025-11-20 22:50:39.505436,Delhi,18.47,19.24,16.57,20.97,998,87,7.61,352,94,Drizzle,light drizzle,4,109.32,158.36,241.82,31.01,62.25,10.66
2025-11-20 23:50:39.505436,Mumbai,22.85,21.5,20.71,25.56,1013,68,0.65,143,54,Mist,fog,3,60.12,90.68,456.42,32.73,86.29,7.07
2025-11-21 00:50:39.505436,Delhi,18.78,19.56,17.73,20.0,1000,34,5.58,173,8,Clear,clear sky,5,215.78,321.37,320.68,45.38,55.7,5.51
2025-11-21 01:50:39.505436,Delhi,18.19,19.89,16.29,20.78,1009,62,2.33,22,52,Haze,smoke,3,86.79,120.37,259.9,46.47,96.66,17.21
2025-11-21 02:50:39.505436,Ahmedabad,24.65,24.39,23.08,27.44,1020,58,1.34,10,71,Haze,smoke,3,81.35,121.21,854.62,31.95,99.63,23.09
2025-11-21 03:50:39.505436,Chennai,24.87,25.63,23.54,26.16,1005,78,1.16,208,68,Mist,fog,2,49.87,77.8,950.12,31.53,90.59,19.24
2025-11-21 04:50:39.505436,Hyderabad,23.41,24.48,21.46,25.85,1007,55,1.41,315,56,Haze,smoke,3,81.27,138.86,907.03,44.05,80.67,24.17
2025-11-21 05:50:39.505436,Mumbai,28.21,29.77,26.02,30.87,1011,87,2.84,321,94,Drizzle,light drizzle,3,74.82,104.85,876.95,26.22,71.28,27.62
2025-11-21 06:50:39.505436,Chennai,29.23,31.14,26.37,31.71,1014,79,2.57,123,43,Haze,smoke,4,102.42,142.12,211.06,48.14,46.29,7.39
2025-11-21 07:50:39.505436,Chennai,31.63,32.82,28.67,34.56,1011,45,2.72,114,6,Clear,sunny,2,43.37,61.88,274.92,20.24,27.38,14.03
2025-11-21 08:50:39.505436,Bangalore,20.85,21.56,19.41,23.46,1023,78,2.34,46,53,Haze,smoke,2,30.57,47.93,771.88,10.93,72.11,29.49
2025-11-21 09:50:39.505436,Delhi,31.45,33.42,29.52,33.85,1019,71,1.96,53,94,Rain,moderate rain,3,76.33,110.83,966.48,12.22,47.23,18.33
2025-11-21 10:50:39.505436,Hyderabad,31.08,31.99,29.71,32.91,1013,75,3.18,256,43,Haze,haze,3,84.61,128.93,726.56,12.96,56.34,21.32
2025-11-21 11:50:39.505436,Kolkata,32.17,32.99,29.29,34.41,1007,84,6.0,146,95,Drizzle,drizzle,3,77.82,101.53,763.65,45.63,79.16,21.64
2025-11-21 12:50:39.505436,Delhi,28.71,29.76,26.33,29.89,1015,75,3.56,348,98,Rain,moderate rain,4,115.88,171.49,231.48,21.47,98.61,13.14
2025-11-21 13:50:39.505436,Delhi,29.01,28.21,26.04,31.64,1011,81,1.64,201,93,Rain,light rain,4,95.32,145.62,590.41,47.51,80.96,10.54
2025-11-21 14:50:39.505436,Hyderabad,26.77,27.89,24.03,27.77,1020,53,6.13,61,68,Mist,fog,3,62.62,63.96,598.37,45.28,27.16,9.05
2025-11-21 15:50:39.505436,Delhi,29.97,28.62,28.19,31.33,1008,93,5.65,288,86,Drizzle,drizzle,2,33.48,49.38,946.06,49.68,74.27,10.41
2025-11-21 16:50:39.505436,Mumbai,31.32,33.04,29.59,33.9,987,57,0.74,185,50,Mist,mist,3,75.2,104.61,299.22,17.0,58.17,20.68
2025-11-21 17:50:39.505436,Chennai,31.29,32.94,29.09,32.42,997,54,0.93,124,58,Haze,smoke,4,101.91,151.87,602.59,44.48,26.72,15.39
2025-11-21 18:50:39.505436,Hyderabad,25.29,25.5,22.29,27.64,1047,79,1.27,121,89,Rain,heavy rain,2,43.92,63.29,368.49,20.05,83.51,25.5
2025-11-21 19:50:39.505436,Bangalore,22.93,23.71,21.49,25.47,1016,78,5.14,70,87,Rain,heavy rain,1,29.62,28.3,980.17,32.22,85.62,19.16
2025-11-21 20:50:39.505436,Mumbai,30.48,29.09,27.51,33.21,1018,60,5.65,208,69,Mist,fog,4,90.98,114.75,348.47,22.78,37.23,11.46
2025-11-21 21:50:39.505436,Ahmedabad,22.88,24.58,21.08,25.61,1012,71,3.1,194,62,Mist,fog,4,117.61,177.31,389.37,16.41,20.67,29.35
2025-11-21 22:50:39.505436,Pune,20.4,22.38,17.7,21.77,991,56,0.6,301,65,Haze,smoke,2,58.94,90.02,890.01,36.2,80.95,13.76
2025-11-21 23:50:39.505436,Delhi,18.75,18.8,16.27,20.49,993,87,6.06,132,81,Rain,heavy rain,3,81.84,114.28,537.44,34.19,85.46,23.51
2025-11-22 00:50:39.505436,Mumbai,19.21,19.34,16.64,20.64,1008,52,1.84,15,75,Haze,haze,3,68.22,100.55,630.33,46.05,62.66,8.48
2025-11-22 01:50:39.505436,Chennai,25.23,26.89,23.66,27.17,997,56,4.65,232,75,Haze,smoke,4,96.98,135.67,440.11,21.81,66.11,15.36
2025-11-22 02:50:39.505436,Ahmedabad,26.26,26.24,24.17,28.44,1019,71,5.36,30,58,Clouds,scattered clouds,3,82.14,112.14,275.14,40.47,21.2,19.5
2025-11-22 03:50:39.505436,Ahmedabad,23.71,25.46,20.9,25.21,1018,89,3.57,33,85,Drizzle,drizzle,3,75.38,109.86,824.16,24.93,79.15,10.41
2025-11-22 04:50:39.505436,Mumbai,23.68,24.24,22.19,25.72,1007,77,6.31,72,51,Mist,mist,2,34.2,43.46,728.51,28.46,29.99,22.99
2025-11-22 05:50:39.505436,Delhi,25.01,25.71,23.87,26.37,1014,83,0.62,103,99,Drizzle,light drizzle,4,103.91,156.86,857.1,48.01,99.65,11.93
2025-11-22 06:50:39.505436,Chennai,29.11,28.69,26.95,31.64,1010,68,3.87,123,61,Haze,haze,4,118.3,178.58,617.93,31.34,37.83,19.92
2025-11-22 07:50:39.505436,Chennai,32.82,32.73,30.18,34.78,997,89,1.75,133,80,Drizzle,light drizzle,2,41.34,59.56,658.58,43.99,52.09,27.9
2025-11-22 08:50:39.505436,Kolkata,28.29,26.54,25.86,29.53,993,64,2.56,15,48,Haze,haze,4,102.93,154.0,318.96,47.84,50.62,28.28
2025-11-22 09:50:39.505436,Kolkata,27.45,27.24,24.6,30.02,1018,94,5.55,244,82,Drizzle,light drizzle,4,103.62,156.3,417.31,31.99,23.76,19.58
2025-11-22 10:50:39.505436,Bangalore,31.09,30.0,29.33,33.2,1018,67,3.39,276,46,Haze,smoke,2,35.51,41.59,562.47,15.67,61.6,16.44
2025-11-22 11:50:39.505436,Chennai,32.34,32.06,29.63,34.07,1024,77,6.05,116,87,Drizzle,light drizzle,3,83.87,136.31,359.59,40.7,76.35,26.85
2025-11-22 12:50:39.505436,Delhi,29.49,27.84,26.52,32.01,1022,60,2.59,266,42,Haze,smoke,2,30.31,63.4,795.87,34.12,31.2,12.61
2025-11-22 13:50:39.505436,Chennai,35.61,35.86,32.68,37.45,992,94,4.17,320,87,Drizzle,light drizzle,3,76.86,103.37,341.57,42.85,48.93,25.78
2025-11-22 14:50:39.505436,Bangalore,28.68,27.75,26.42,30.82,995,78,4.39,186,71,Haze,haze,2,54.86,86.38,979.97,35.09,63.11,28.07
2025-11-22 15:50:39.505436,Hyderabad,27.64,28.34,24.95,29.26,997,50,2.89,179,50,Clouds,scattered clouds,3,74.68,122.52,211.94,16.32,50.71,16.84
2025-11-22 16:50:39.505436,Mumbai,32.95,32.57,31.17,34.5,1000,81,2.95,171,82,Rain,light rain,4,118.29,195.09,850.34,10.87,70.46,19.3
2025-11-22 17:50:39.505436,Hyderabad,26.8,27.81,24.73,29.38,1019,56,1.58,133,51,Haze,haze,3,78.2,105.5,443.26,34.13,99.49,25.88
2025-11-22 18:50:39.505436,Chennai,31.64,31.69,29.76,33.47,1001,68,6.04,48,78,Haze,smoke,2,57.53,76.08,752.54,31.5,89.9,25.25
2025-11-22 19:50:39.505436,Ahmedabad,25.99,24.39,24.36,28.25,1008,30,2.64,339,15,Clear,clear sky,3,79.52,121.08,866.06,39.82,74.13,16.85
2025-11-22 20:50:39.505436,Kolkata,23.41,24.92,22.4,25.54,1008,57,1.23,228,14,Clear,sunny,3,69.46,92.99,952.82,35.85,30.19,28.75
2025-11-22 21:50:39.505436,Chennai,24.29,24.11,22.54,27.25,1002,52,0.96,235,67,Clouds,broken clouds,4,113.23,163.77,483.05,29.38,66.18,29.68
2025-11-22 22:50:39.505436,Mumbai,24.22,24.47,22.21,26.62,1002,68,2.17,28,66,Clouds,scattered clouds,3,62.02,92.04,899.03,24.2,86.13,14.85
2025-11-22 23:50:39.505436,Pune,22.98,22.88,20.74,24.4,1013,51,6.3,132,3,Clear,clear sky,2,45.71,76.21,890.25,30.73,45.53,11.66
2025-11-23 00:50:39.505436,Bangalore,16.69,18.31,15.08,19.65,1002,58,1.83,315,69,Haze,haze,3,87.92,130.21,433.99,43.02,37.62,24.74
2025-11-23 01:50:39.505436,Bangalore,18.22,16.68,15.55,21.03,996,65,5.11,58,51,Mist,mist,1,1.14,12.83,676.65,37.41,64.56,27.39
2025-11-23 02:50:39.505436,Mumbai,22.31,23.92,19.38,25.2,1006,56,6.76,61,58,Clouds,broken clouds,2,50.34,77.81,645.14,20.36,92.4,21.99
2025-11-23 03:50:39.505436,Pune,22.35,21.75,20.91,24.77,1015,61,7.45,68,66,Mist,mist,2,57.67,96.5,251.73,25.15,43.47,27.22
2025-11-23 04:50:39.505436,Chennai,28.41,29.56,26.94,30.78,1015,50,5.19,23,61,Mist,fog,2,48.93,78.2,799.99,34.55,68.22,7.31
2025-11-23 05:50:39.505436,Delhi,24.08,22.24,21.23,25.1,1001,94,3.41,32,96,Rain,heavy rain,3,76.37,107.42,914.01,31.32,48.09,6.79
2025-11-23 06:50:39.505436,Hyderabad,22.79,24.33,20.53,25.47,1023,54,3.77,100,57,Mist,fog,4,102.01,144.31,274.13,16.91,32.32,12.47
2025-11-23 07:50:39.505436,Pune,27.02,27.0,26.01,28.08,1003,77,3.4,114,46,Clouds,overcast clouds,1,6.23,21.41,323.71,26.17,57.99,11.5
2025-11-23 08:50:39.505436,Chennai,34.58,35.23,32.06,36.64,1020,73,7.92,143,80,Drizzle,drizzle,2,54.16,88.14,399.05,34.33,80.77,16.75
2025-11-23 09:50:39.505436,Pune,29.14,28.86,27.38,30.99,1035,79,7.58,255,92,Rain,heavy rain,3,84.89,138.44,794.41,31.38,22.0,19.27
2025-11-23 10:50:39.505436,Mumbai,31.72,31.4,29.8,32.8,1002,77,4.9,237,41,Clouds,broken clouds,3,62.64,89.88,342.25,13.12,69.26,5.84
2025-11-23 11:50:39.505436,Pune,27.74,27.61,25.5,30.31,1016,68,3.09,131,76,Haze,smoke,2,51.93,65.74,809.0,21.51,51.01,7.67
2025-11-23 12:50:39.505436,Hyderabad,32.57,30.66,30.25,34.82,1006,91,5.31,189,81,Drizzle,light drizzle,2,32.42,58.51,588.47,42.33,63.28,26.84
2025-11-23 13:50:39.505436,Ahmedabad,33.06,33.29,31.8,34.4,1006,79,1.7,66,84,Rain,heavy rain,3,78.51,122.52,946.16,26.27,76.55,29.67
2025-11-23 14:50:39.505436,Pune,24.57,22.64,21.91,26.98,1003,93,1.5,338,83,Rain,moderate rain,1,9.95,0.95,216.16,17.48,42.28,19.91
2025-11-23 15:50:39.505436,Bangalore,27.18,26.22,24.28,29.05,1028,63,1.42,205,72,Mist,fog,3,63.79,95.44,936.06,13.8,53.38,19.37
2025-11-23 16:50:39.505436,Ahmedabad,29.47,31.26,27.81,32.37,1000,81,2.32,9,96,Drizzle,light drizzle,2,38.13,51.18,700.46,38.62,69.22,29.61
2025-11-23 17:50:39.505436,Ahmedabad,30.73,31.04,29.26,31.95,1002,61,0.75,1,61,Haze,haze,3,79.77,114.37,794.13,23.37,48.22,10.55
2025-11-23 18:50:39.505436,Delhi,24.65,23.15,23.44,26.29,1017,44,1.65,303,11,Clear,clear sky,4,106.2,161.77,289.37,21.6,46.76,5.15
2025-11-23 19:50:39.505436,Mumbai,23.04,21.5,20.79,24.78,1003,78,6.02,261,59,Mist,mist,4,110.73,154.17,778.01,18.78,69.05,26.7
2025-11-23 20:50:39.505436,Kolkata,23.73,23.13,22.7,26.21,1013,71,4.18,19,81,Drizzle,drizzle,4,92.11,136.91,398.54,40.71,82.31,21.45
2025-11-23 21:50:39.505436,Kolkata,24.04,24.48,22.69,26.37,1008,73,4.46,232,62,Clouds,overcast clouds,4,104.68,161.75,895.72,43.44,99.93,25.29
2025-11-23 22:50:39.505436,Ahmedabad,21.81,22.51,20.68,23.28,1018,72,0.83,61,49,Mist,fog,2,55.94,90.35,481.39,26.48,37.34,7.18
2025-11-23 23:50:39.505436,Mumbai,23.87,23.82,21.4,24.92,1009,52,3.3,168,15,Clear,clear sky,3,88.13,130.3,761.13,31.95,29.76,8.21
2025-11-24 00:50:39.505436,Hyderabad,21.05,22.88,20.03,22.68,1020,76,6.55,140,69,Haze,smoke,2,50.65,71.47,856.19,19.02,27.43,18.85
2025-11-24 01:50:39.505436,Ahmedabad,21.91,21.65,19.4,23.65,1031,40,5.39,97,3,Clear,sunny,3,63.05,108.58,434.01,32.12,96.49,25.07
2025-11-24 02:50:39.505436,Pune,14.86,16.06,13.45,17.64,1014,79,1.65,132,57,Clouds,scattered clouds,2,46.06,79.87,354.32,13.73,45.61,20.43
2025-11-24 03:50:39.505436,Hyderabad,24.51,22.99,21.52,27.44,1014,73,4.02,42,66,Clouds,overcast clouds,2,35.42,46.2,411.23,40.85,62.1,22.76
2025-11-24 04:50:39.505436,Ahmedabad,26.13,27.38,24.28,28.79,1015,41,4.77,276,6,Clear,clear sky,4,119.7,169.02,447.11,41.03,59.52,16.25
2025-11-24 05:50:39.505436,Mumbai,27.03,25.58,25.59,28.34,1021,79,7.63,290,95,Drizzle,light drizzle,3,63.66,118.31,801.9,30.49,87.41,14.07
2025-11-24 06:50:39.505436,Chennai,29.56,29.5,27.91,30.97,1014,72,5.25,251,83,Drizzle,drizzle,4,94.08,136.39,587.83,43.91,64.92,27.7
2025-11-24 07:50:39.505436,Chennai,30.82,30.12,29.36,32.44,1006,53,2.24,216,78,Clouds,few clouds,3,62.29,97.36,909.37,12.07,83.8,27.97
2025-11-24 08:50:39.505436,Delhi,28.9,27.52,26.1,31.83,1022,52,1.85,244,75,Haze,smoke,4,90.33,131.03,440.17,30.97,80.27,12.31
2025-11-24 09:50:39.505436,Delhi,31.28,30.99,29.49,33.7,1012,63,1.45,93,56,Mist,fog,4,105.8,163.28,375.02,34.47,22.39,12.17
2025-11-24 10:50:39.505436,Delhi,29.73,30.54,27.05,31.34,1020,51,2.38,204,13,Clear,sunny,3,61.37,91.54,376.99,46.26,54.11,7.34
2025-11-24 11:50:39.505436,Kolkata,31.65,31.84,30.27,33.97,1008,79,7.43,247,93,Drizzle,drizzle,3,65.76,94.56,645.54,42.88,90.05,23.11
2025-11-24 12:50:39.505436,Hyderabad,33.49,33.99,31.58,34.52,1015,57,1.26,94,64,Mist,fog,2,44.96,80.08,963.88,40.08,79.68,12.31
2025-11-24 13:50:39.505436,Pune,29.66,29.02,28.1,32.03,1021,79,2.65,251,99,Drizzle,drizzle,2,58.26,88.75,313.43,34.07,30.17,16.82
2025-11-24 14:50:39.505436,Kolkata,32.04,31.6,30.47,33.85,1010,77,6.56,151,56,Haze,smoke,2,58.95,84.19,343.87,14.75,33.85,29.18
2025-11-24 15:50:39.505436,Chennai,35.97,35.56,33.3,38.31,1021,61,3.27,304,46,Haze,smoke,2,52.84,91.71,534.72,38.81,81.66,17.27
2025-11-24 16:50:39.505436,Chennai,33.08,33.59,31.28,34.8,1007,79,1.15,296,77,Mist,fog,2,45.22,63.34,857.95,43.49,86.64,9.69
2025-11-24 17:50:39.505436,Chennai,33.05,34.09,30.81,34.69,999,76,0.77,63,61,Clouds,scattered clouds,4,93.94,131.07,812.46,25.45,23.64,26.1
2025-11-24 18:50:39.505436,Ahmedabad,25.6,24.21,22.96,28.54,1010,51,6.15,278,3,Clear,clear sky,3,86.13,120.6,562.58,41.99,87.66,26.8
2025-11-24 19:50:39.505436,Hyderabad,22.39,20.44,20.73,24.92,1014,63,5.09,18,62,Haze,smoke,4,114.9,156.84,972.33,37.14,51.4,7.19
2025-11-24 20:50:39.505436,Hyderabad,21.29,22.34,19.42,23.98,1011,72,1.97,335,59,Clouds,few clouds,3,74.11,95.63,802.71,46.4,26.07,17.48
2025-11-24 21:50:39.505436,Bangalore,18.77,18.25,16.6,20.85,1010,84,1.28,357,81,Rain,light rain,3,83.44,114.4,266.57,18.32,93.03,10.49
2025-11-24 22:50:39.505436,Bangalore,19.88,19.45,17.38,21.01,1013,78,4.82,239,73,Haze,smoke,3,76.21,128.5,999.28,30.6,77.19,12.66
2025-11-24 23:50:39.505436,Pune,16.81,16.53,15.49,18.6,1018,88,5.63,266,94,Rain,moderate rain,3,81.63,132.04,545.64,46.28,63.88,18.44
2025-11-25 00:50:39.505436,Ahmedabad,21.47,22.45,20.3,24.28,1010,53,5.71,310,55,Clouds,overcast clouds,2,40.08,57.9,430.32,47.88,92.76,16.8
2025-11-25 01:50:39.505436,Bangalore,18.91,17.35,16.9,20.39,1022,71,4.47,145,45,Mist,mist,2,44.95,65.26,287.83,25.38,90.49,13.25
2025-11-25 02:50:39.505436,Pune,15.7,14.17,13.87,17.64,1014,90,7.79,82,80,Rain,moderate rain,2,51.27,81.66,474.34,36.66,66.16,25.87
2025-11-25 03:50:39.505436,Delhi,20.44,22.16,19.31,23.22,1021,88,3.28,332,84,Drizzle,light drizzle,4,101.98,173.48,411.91,43.09,41.92,27.33
2025-11-25 04:50:39.505436,Ahmedabad,24.49,24.73,21.76,26.46,1023,67,4.6,292,60,Clouds,few clouds,3,71.4,127.25,920.35,46.65,51.4,29.2
2025-11-25 05:50:39.505436,Mumbai,26.62,25.77,25.59,29.47,1009,74,3.13,199,95,Drizzle,drizzle,3,63.38,105.11,231.18,15.73,42.8,5.55
2025-11-25 06:50:39.505436,Kolkata,24.03,22.28,21.99,25.83,1001,63,6.42,274,62,Clouds,overcast clouds,3,67.43,108.92,540.79,25.93,29.2,23.37
2025-11-25 07:50:39.505436,Bangalore,25.39,24.49,23.95,28.01,1018,79,1.7,145,57,Clouds,scattered clouds,3,70.22,98.7,286.81,23.19,98.92,11.55
2025-11-25 08:50:39.505436,Delhi,24.61,22.81,23.54,26.7,1014,66,4.16,147,75,Haze,haze,3,66.92,107.32,373.58,46.56,32.03,28.97
2025-11-25 09:50:39.505436,Delhi,32.48,33.12,29.58,35.23,1008,79,5.3,33,87,Rain,light rain,3,83.39,111.61,940.82,14.39,49.59,16.35
2025-11-25 10:50:39.505436,Kolkata,32.44,32.17,30.58,34.0,1012,66,1.31,158,66,Mist,mist,4,119.75,190.48,459.73,49.22,72.28,20.04
2025-11-25 11:50:39.505436,Bangalore,28.4,30.16,25.91,31.22,1013,87,4.85,319,91,Rain,heavy rain,1,28.39,41.79,905.12,21.59,97.68,16.75
2025-11-25 12:50:39.505436,Pune,28.5,29.17,27.14,30.34,998,74,4.15,113,79,Haze,smoke,3,89.11,141.27,236.11,35.58,22.67,9.36
2025-11-25 13:50:39.505436,Mumbai,29.37,28.4,28.01,30.4,1022,56,2.78,332,11,Clear,clear sky,3,85.8,120.68,412.53,45.18,69.74,24.11
2025-11-25 14:50:39.505436,Kolkata,29.4,29.54,26.97,31.67,1011,77,7.63,211,81,Drizzle,drizzle,3,71.38,100.93,996.13,37.09,45.02,10.04
2025-11-25 15:50:39.505436,Mumbai,30.82,31.88,28.47,33.14,1009,78,1.15,91,92,Drizzle,light drizzle,4,94.62,137.54,924.97,22.1,86.98,29.77
2025-11-25 16:50:39.505436,Ahmedabad,30.53,28.66,29.46,33.06,1008,86,5.49,352,80,Rain,light rain,3,68.07,102.22,375.41,19.51,55.85,7.61
2025-11-25 17:50:39.505436,Pune,24.41,22.97,22.67,26.06,1008,39,5.62,275,10,Clear,clear sky,3,84.26,127.57,943.02,28.46,92.33,10.31
2025-11-25 18:50:39.505436,Kolkata,27.78,26.16,26.75,29.65,1016,68,3.65,305,45,Haze,haze,4,94.2,132.9,984.93,45.27,47.88,5.66
2025-11-25 19:50:39.505436,Kolkata,25.8,24.21,24.44,28.29,1014,36,4.8,57,13,Clear,clear sky,5,200.77,293.04,907.79,46.05,90.86,26.22
2025-11-25 20:50:39.505436,Mumbai,28.84,29.69,27.37,30.54,1007,94,1.24,135,92,Drizzle,drizzle,3,84.81,128.99,960.9,18.1,83.23,17.05
2025-11-25 21:50:39.505436,Chennai,28.7,27.14,26.08,30.36,1018,41,5.39,302,15,Clear,clear sky,3,77.59,108.66,825.22,23.6,95.47,25.66
2025-11-25 22:50:39.505436,Chennai,23.98,23.09,21.74,25.42,1019,82,4.42,147,80,Drizzle,drizzle,3,76.56,119.96,481.69,49.37,50.75,17.1
2025-11-25 23:50:39.505436,Chennai,23.22,22.77,20.39,25.93,1013,79,7.34,270,94,Rain,heavy rain,3,79.32,103.8,625.67,22.55,26.25,23.8
2025-11-26 00:50:39.505436,Pune,19.29,19.68,17.33,21.5,1009,51,5.94,300,60,Clouds,few clouds,1,29.39,43.77,341.75,30.73,30.77,9.64
2025-11-26 01:50:39.505436,Hyderabad,22.75,21.57,21.14,24.8,1008,83,3.0,330,94,Drizzle,drizzle,2,30.85,66.63,374.77,40.07,96.06,17.59
2025-11-26 02:50:39.505436,Delhi,20.12,18.56,18.4,22.25,1018,77,3.94,42,96,Rain,moderate rain,5,134.86,194.0,252.5,17.28,71.14,14.59
2025-11-26 03:50:39.505436,Delhi,20.84,19.75,19.75,22.75,1013,75,4.23,30,78,Clouds,few clouds,3,63.27,94.02,481.48,36.79,91.48,24.01
2025-11-26 04:50:39.505436,Hyderabad,24.26,23.63,22.52,26.5,996,45,6.14,63,3,Clear,clear sky,3,67.95,120.68,852.46,30.77,45.36,10.69
2025-11-26 05:50:39.505436,Delhi,25.03,25.17,23.06,27.67,1023,83,6.52,334,88,Rain,light rain,4,98.4,145.06,831.23,24.87,70.96,29.74
2025-11-26 06:50:39.505436,Ahmedabad,26.85,27.63,25.39,28.94,1000,56,3.0,229,45,Haze,haze,3,72.13,102.03,366.63,32.3,79.24,26.46
2025-11-26 07:50:39.505436,Chennai,29.5,29.42,26.73,31.68,1013,55,0.73,40,51,Clouds,broken clouds,3,77.81,120.91,611.16,33.11,96.27,16.32
2025-11-26 08:50:39.505436,Delhi,29.14,30.45,26.92,30.42,1018,80,2.31,312,86,Rain,heavy rain,2,33.01,52.57,639.14,47.93,35.83,16.18
2025-11-26 09:50:39.505436,Delhi,28.82,29.65,26.45,31.43,1004,75,1.01,116,97,Rain,light rain,4,103.9,173.59,446.26,23.34,97.23,7.37
2025-11-26 10:50:39.505436,Pune,26.49,26.93,25.19,27.69,1019,70,3.04,160,65,Clouds,broken clouds,1,11.88,4.98,894.72,23.05,25.11,19.23
2025-11-26 11:50:39.505436,Mumbai,30.73,31.06,28.21,33.22,1011,85,3.67,65,86,Rain,light rain,3,68.87,103.38,816.78,19.44,29.43,7.95
2025-11-26 12:50:39.505436,Delhi,33.73,35.21,32.29,35.62,999,72,5.72,58,59,Clouds,broken clouds,4,97.2,149.69,511.96,24.94,22.72,29.78
2025-11-26 13:50:39.505436,Delhi,32.42,30.6,30.28,34.86,1007,65,6.41,26,75,Mist,mist,3,79.91,106.19,778.18,36.6,97.98,25.33
2025-11-26 14:50:39.505436,Kolkata,30.68,28.94,28.26,33.68,1018,74,3.83,210,91,Rain,light rain,3,71.6,95.4,309.84,23.5,98.72,22.28
2025-11-26 15:50:39.505436,Mumbai,33.8,32.35,31.69,36.61,1025,54,7.57,99,11,Clear,clear sky,3,73.44,124.43,704.66,26.47,48.02,17.8
2025-11-26 16:50:39.505436,Mumbai,27.17,27.27,24.46,28.82,1002,35,4.58,64,6,Clear,sunny,4,108.59,173.1,463.06,19.45,47.38,10.73
2025-11-26 17:50:39.505436,Bangalore,20.57,22.51,17.86,21.75,1016,90,6.27,259,97,Drizzle,light drizzle,2,32.36,53.77,990.19,38.03,66.13,24.53
2025-11-26 18:50:39.505436,Mumbai,27.55,29.42,24.73,30.06,1023,37,2.1,245,0,Clear,clear sky,2,39.21,33.05,671.86,21.17,99.26,28.52
2025-11-26 19:50:39.505436,Mumbai,25.24,24.47,23.33,26.65,1007,66,7.94,221,50,Mist,fog,2,31.87,60.45,497.26,19.74,77.39,28.03
2025-11-26 20:50:39.505436,Mumbai,24.81,26.19,22.09,26.73,1020,45,2.37,20,19,Clear,clear sky,2,36.57,48.79,919.16,16.53,29.97,23.95
2025-11-26 21:50:39.505436,Bangalore,20.89,19.57,18.88,23.51,1020,91,5.38,151,95,Rain,heavy rain,1,10.63,22.62,787.35,17.04,33.8,27.8
2025-11-26 22:50:39.505436,Kolkata,22.65,23.33,19.69,24.77,1005,91,7.82,25,85,Drizzle,light drizzle,3,83.69,135.66,475.49,29.21,45.39,12.69
2025-11-26 23:50:39.505436,Hyderabad,20.31,19.89,18.01,22.84,1038,56,0.59,24,51,Clouds,broken clouds,2,56.5,82.67,349.83,30.36,26.84,7.52
2025-11-27 00:50:39.505436,Pune,24.87,25.58,22.64,27.56,1022,74,0.7,197,87,Drizzle,light drizzle,1,15.69,48.99,607.39,36.55,96.96,25.23
2025-11-27 01:50:39.505436,Kolkata,23.7,22.22,21.9,24.88,1012,57,5.91,54,56,Haze,smoke,5,173.64,268.77,384.75,34.22,20.54,27.32
2025-11-27 02:50:39.505436,Delhi,20.67,20.93,19.24,23.17,1020,63,7.75,356,57,Clouds,few clouds,4,103.91,154.43,514.95,28.59,52.27,5.78
2025-11-27 03:50:39.505436,Chennai,28.25,29.29,26.41,29.45,1014,68,4.37,56,63,Mist,mist,3,72.99,118.02,714.56,27.18,60.32,10.31
2025-11-27 04:50:39.505436,Pune,27.68,28.57,25.76,29.62,1012,61,4.27,74,59,Haze,smoke,2,36.69,50.01,338.92,23.68,62.13,13.68
2025-11-27 05:50:39.505436,Chennai,28.5,28.56,25.95,30.05,1022,92,2.99,41,88,Drizzle,light drizzle,2,45.22,55.47,229.12,38.42,50.1,19.83
2025-11-27 06:50:39.505436,Chennai,32.18,33.48,30.86,34.56,1038,79,2.06,347,82,Rain,moderate rain,2,39.1,59.37,652.29,22.9,96.89,26.59
2025-11-27 07:50:39.505436,Delhi,24.46,25.66,23.43,25.66,1005,58,5.77,256,64,Mist,fog,4,100.01,135.03,959.0,10.85,25.62,17.96
2025-11-27 08:50:39.505436,Chennai,35.06,35.95,33.03,37.39,1012,56,7.26,191,62,Clouds,scattered clouds,3,79.74,111.21,563.02,24.05,78.42,17.4
2025-11-27 09:50:39.505436,Ahmedabad,30.38,28.66,29.03,32.08,1011,59,1.23,112,46,Haze,smoke,2,38.2,46.27,372.8,18.01,82.46,9.72
2025-11-27 10:50:39.505436,Ahmedabad,32.8,31.09,31.51,34.48,1032,77,2.53,334,86,Rain,heavy rain,3,79.82,96.43,378.42,12.19,26.01,10.23
2025-11-27 11:50:39.505436,Ahmedabad,33.09,32.84,30.11,34.74,1016,56,6.15,99,61,Clouds,overcast clouds,3,65.71,92.9,389.95,33.54,37.37,25.71
2025-11-27 12:50:39.505436,Chennai,37.09,38.38,34.45,39.02,1007,88,0.76,34,88,Rain,moderate rain,3,79.35,139.02,228.75,29.11,77.26,21.92
2025-11-27 13:50:39.505436,Mumbai,30.63,31.95,28.27,33.15,995,59,7.67,80,42,Mist,fog,3,66.48,96.89,728.51,30.91,31.67,26.58
2025-11-27 14:50:39.505436,Pune,27.59,26.26,26.2,29.71,997,70,0.93,173,77,Haze,haze,2,57.17,80.41,682.77,10.27,68.45,7.32
2025-11-27 15:50:39.505436,Hyderabad,30.48,30.08,29.26,31.81,998,90,3.28,308,80,Rain,heavy rain,4,96.2,132.59,887.81,26.28,46.57,18.9
2025-11-27 16:50:39.505436,Delhi,27.85,28.49,26.12,29.25,1014,63,7.91,308,56,Clouds,scattered clouds,4,90.49,128.45,269.78,25.14,32.38,22.8
2025-11-27 17:50:39.505436,Ahmedabad,31.98,33.16,29.73,33.85,993,68,7.41,172,70,Haze,haze,3,86.93,146.45,851.86,26.3,69.0,22.02
2025-11-27 18:50:39.505436,Bangalore,21.94,20.3,20.66,24.66,993,85,7.97,312,92,Drizzle,drizzle,1,28.6,64.49,780.94,48.25,28.22,16.39
2025-11-27 19:50:39.505436,Ahmedabad,25.52,27.14,22.59,28.06,1014,88,1.63,36,84,Drizzle,light drizzle,3,88.2,124.75,532.59,31.79,87.65,20.72
2025-11-27 20:50:39.505436,Kolkata,25.07,24.54,23.52,26.84,1013,72,7.52,144,94,Rain,heavy rain,4,100.93,153.33,247.46,20.41,79.14,28.24
2025-11-27 21:50:39.505436,Delhi,24.1,24.79,21.91,25.18,1011,92,1.55,251,99,Rain,heavy rain,4,90.77,121.13,238.32,34.54,52.53,5.67
2025-11-27 22:50:39.505436,Pune,17.63,15.84,16.07,19.67,1005,68,4.96,195,74,Clouds,scattered clouds,1,9.78,30.33,494.95,42.8,25.61,21.38
2025-11-27 23:50:39.505436,Chennai,26.06,27.53,23.16,28.74,999,72,6.83,254,98,Rain,heavy rain,4,111.47,160.83,430.57,35.54,24.3,19.05
2025-11-28 00:50:39.505436,Bangalore,18.1,16.28,16.79,19.25,1015,92,7.46,340,93,Drizzle,drizzle,1,7.67,0.0,323.5,42.8,72.79,18.5
2025-11-28 01:50:39.505436,Ahmedabad,20.82,19.02,18.32,23.62,1003,54,0.51,81,77,Mist,fog,3,64.5,108.54,932.93,19.35,98.47,10.66
2025-11-28 02:50:39.505436,Chennai,27.11,27.02,24.39,29.69,1017,71,3.84,275,71,Clouds,overcast clouds,2,42.04,60.24,801.58,29.49,64.11,26.7
2025-11-28 03:50:39.505436,Pune,18.1,17.62,15.13,19.65,1010,68,3.4,172,47,Haze,haze,2,45.55,83.29,229.03,19.71,79.14,5.49
2025-11-28 04:50:39.505436,Bangalore,21.71,20.72,20.34,24.63,1031,73,5.5,206,84,Drizzle,drizzle,2,56.91,76.62,778.66,38.79,28.78,5.31
2025-11-28 05:50:39.505436,Hyderabad,20.34,21.15,18.22,23.09,1007,86,6.88,266,88,Drizzle,drizzle,2,31.72,43.78,858.35,34.95,27.35,28.88
2025-11-28 06:50:39.505436,Bangalore,23.15,21.42,22.01,25.03,1018,79,1.74,245,95,Rain,light rain,3,66.25,99.46,755.16,47.16,21.02,20.66
2025-11-28 07:50:39.505436,Pune,20.72,19.58,17.9,22.16,1013,50,5.59,101,17,Clear,clear sky,3,85.79,121.3,540.11,48.89,92.05,15.32
2025-11-28 08:50:39.505436,Hyderabad,27.37,27.87,26.01,30.16,1014,50,3.16,96,17,Clear,sunny,3,78.53,112.89,556.91,24.86,73.98,28.25
2025-11-28 09:50:39.505436,Ahmedabad,29.6,29.25,26.61,30.75,1022,92,7.15,0,86,Rain,moderate rain,3,81.42,131.21,664.3,28.54,57.24,10.92
2025-11-28 10:50:39.505436,Delhi,31.49,32.34,28.97,33.39,1019,65,5.8,133,73,Haze,haze,5,242.17,379.6,536.93,32.19,52.72,15.2
2025-11-28 11:50:39.505436,Hyderabad,31.78,33.7,29.31,34.31,1011,68,7.15,21,55,Haze,haze,4,107.52,145.66,633.76,19.54,76.59,27.12
2025-11-28 12:50:39.505436,Hyderabad,31.2,29.54,29.44,33.91,1002,72,3.1,236,74,Clouds,overcast clouds,4,111.22,174.14,887.92,33.88,42.29,13.66
2025-11-28 13:50:39.505436,Bangalore,28.0,27.12,25.53,29.38,1013,88,3.96,138,98,Rain,heavy rain,1,4.28,3.87,925.73,29.09,76.75,9.51
2025-11-28 14:50:39.505436,Ahmedabad,34.39,34.63,32.74,36.91,1022,93,4.01,51,94,Drizzle,light drizzle,3,75.26,100.75,552.61,25.91,59.23,8.1
2025-11-28 15:50:39.505436,Chennai,36.87,37.69,34.63,37.98,1016,51,2.95,162,51,Haze,haze,3,71.63,103.34,222.02,32.42,33.26,20.47
2025-11-28 16:50:39.505436,Chennai,33.48,33.11,31.68,34.49,1015,87,2.7,109,90,Rain,light rain,3,60.86,87.01,498.23,36.37,51.56,12.7
2025-11-28 17:50:39.505436,Delhi,25.41,26.39,22.66,27.93,1014,60,5.36,139,48,Haze,haze,4,97.12,131.94,532.88,22.77,67.58,14.76
2025-11-28 18:50:39.505436,Bangalore,24.43,26.09,22.73,26.1,1030,34,2.84,174,15,Clear,sunny,3,64.67,121.45,400.08,29.74,58.32,6.17
2025-11-28 19:50:39.505436,Kolkata,23.05,23.46,21.66,25.92,1021,78,4.82,299,98,Drizzle,light drizzle,2,33.3,55.82,868.09,42.18,23.39,9.79
2025-11-28 20:50:39.505436,Ahmedabad,23.09,22.18,20.23,24.77,1002,93,1.74,72,92,Drizzle,light drizzle,3,61.71,108.41,420.52,18.33,23.29,24.22
2025-11-28 21:50:39.505436,Ahmedabad,20.64,18.94,19.46,23.52,1014,85,5.01,235,98,Rain,moderate rain,3,62.35,104.01,321.63,14.68,34.59,5.9
2025-11-28 22:50:39.505436,Delhi,18.65,17.35,15.75,21.02,1026,79,2.18,28,69,Clouds,broken clouds,4,109.34,160.42,911.0,20.68,88.73,16.33
2025-11-28 23:50:39.505436,Kolkata,22.29,20.62,20.31,23.72,1014,86,0.91,53,87,Drizzle,light drizzle,5,177.35,268.29,931.05,27.04,71.44,28.67
2025-11-29 00:50:39.505436,Delhi,23.66,21.85,21.69,25.98,1003,92,7.87,147,88,Drizzle,light drizzle,3,71.15,112.59,620.66,14.4,91.39,25.15
2025-11-29 01:50:39.505436,Ahmedabad,26.65,26.29,23.87,28.43,1000,88,7.01,148,90,Drizzle,light drizzle,3,69.7,116.14,456.32,26.5,90.95,29.23
2025-11-29 02:50:39.505436,Bangalore,19.09,18.48,17.24,21.22,1014,68,5.35,236,55,Mist,fog,2,30.57,40.39,567.15,31.89,52.06,13.24
2025-11-29 03:50:39.505436,Delhi,20.88,20.35,18.78,22.41,996,55,1.07,87,7,Clear,sunny,4,91.13,142.21,314.42,44.35,53.9,21.34
2025-11-29 04:50:39.505436,Bangalore,18.16,16.43,15.99,19.6,1011,77,0.87,46,77,Mist,mist,1,24.35,40.95,894.4,40.82,37.08,24.08
2025-11-29 05:50:39.505436,Bangalore,21.57,21.71,19.3,24.44,1018,86,2.4,184,96,Rain,heavy rain,1,29.01,39.01,957.62,44.21,52.85,27.65
2025-11-29 06:50:39.505436,Bangalore,24.18,25.52,21.48,26.94,1005,53,3.1,231,46,Clouds,overcast clouds,3,80.88,134.33,690.62,16.49,56.32,15.86
2025-11-29 07:50:39.505436,Ahmedabad,26.51,26.71,23.81,28.03,1010,55,6.85,269,3,Clear,sunny,3,77.63,120.61,679.03,29.77,28.04,29.13
2025-11-29 08:50:39.505436,Ahmedabad,29.61,28.33,28.38,32.35,1015,31,3.62,204,17,Clear,clear sky,4,107.29,138.48,321.85,40.85,57.28,13.79
2025-11-29 09:50:39.505436,Delhi,24.05,25.9,22.19,26.37,1027,69,7.73,97,71,Clouds,overcast clouds,3,63.98,97.65,661.66,49.55,50.57,11.19
2025-11-29 10:50:39.505436,Bangalore,27.56,29.34,26.0,28.99,1021,79,6.28,206,66,Clouds,overcast clouds,1,23.96,15.14,704.59,36.5,64.92,23.63
2025-11-29 11:50:39.505436,Ahmedabad,31.66,30.96,29.16,33.28,1007,84,3.24,258,82,Rain,heavy rain,2,53.65,71.56,277.28,28.85,85.03,27.46
2025-11-29 12:50:39.505436,Hyderabad,36.11,35.07,34.67,38.04,1006,77,3.29,46,40,Clouds,scattered clouds,2,33.52,51.4,987.02,49.26,51.82,22.38
2025-11-29 13:50:39.505436,Kolkata,33.12,31.16,30.19,35.3,1009,57,3.25,108,77,Mist,mist,4,102.52,161.21,792.49,45.31,86.32,17.8
2025-11-29 14:50:39.505436,Ahmedabad,37.21,37.36,35.11,39.7,989,89,0.99,80,84,Drizzle,drizzle,3,71.9,112.35,286.34,48.82,70.16,26.99
2025-11-29 15:50:39.505436,Pune,28.3,29.85,27.08,29.83,1003,72,5.84,10,83,Drizzle,light drizzle,1,0.93,2.31,986.35,22.22,38.29,26.78
2025-11-29 16:50:39.505436,Delhi,28.63,28.58,26.49,30.91,1011,68,4.09,45,62,Mist,fog,5,207.34,310.07,210.77,35.33,79.86,28.28
2025-11-29 17:50:39.505436,Hyderabad,30.59,30.94,29.43,32.57,975,61,6.56,276,59,Mist,fog,3,80.36,124.22,421.88,10.65,36.87,22.15
2025-11-29 18:50:39.505436,Ahmedabad,28.43,27.18,27.21,31.19,994,92,4.91,121,85,Rain,heavy rain,3,87.05,123.89,323.44,25.5,99.79,5.96
2025-11-29 19:50:39.505436,Hyderabad,22.45,23.76,20.75,23.93,1011,70,1.5,39,86,Drizzle,drizzle,3,61.26,89.24,394.64,46.94,89.09,19.31
2025-11-29 20:50:39.505436,Ahmedabad,26.62,26.41,25.35,27.89,1023,81,7.18,128,81,Drizzle,light drizzle,2,58.73,93.0,476.99,47.2,81.28,16.47
2025-11-29 21:50:39.505436,Kolkata,22.91,21.7,20.59,24.22,1024,78,1.92,31,50,Mist,mist,2,33.38,52.86,488.63,23.39,48.3,19.83
2025-11-29 22:50:39.505436,Hyderabad,17.83,16.11,16.63,19.3,1013,72,7.67,152,62,Haze,haze,3,83.79,123.96,329.7,45.14,61.89,15.44
2025-11-29 23:50:39.505436,Hyderabad,19.2,17.24,16.33,21.41,1003,85,5.0,315,90,Drizzle,light drizzle,3,84.58,123.38,440.6,10.29,75.68,19.96
2025-11-30 00:50:39.505436,Bangalore,20.22,20.18,17.94,21.42,1016,91,2.02,109,95,Drizzle,drizzle,2,59.5,76.98,341.76,19.05,79.18,18.88
2025-11-30 01:50:39.505436,Chennai,24.1,24.14,22.18,27.06,1007,56,1.18,162,58,Clouds,overcast clouds,2,52.88,78.87,734.94,33.57,42.87,10.63
2025-11-30 02:50:39.505436,Kolkata,21.81,22.51,20.49,23.46,1010,93,3.2,116,83,Drizzle,light drizzle,3,83.26,137.16,290.93,46.82,72.45,14.23
2025-11-30 03:50:39.505436,Bangalore,20.84,20.16,18.97,22.35,1017,41,6.9,197,10,Clear,sunny,2,32.1,54.59,667.06,19.1,55.5,14.59
2025-11-30 04:50:39.505436,Chennai,30.49,29.02,28.47,32.79,1006,52,4.97,282,40,Clouds,overcast clouds,3,63.04,109.28,420.71,32.84,83.3,26.39
2025-11-30 05:50:39.505436,Hyderabad,22.8,22.47,20.01,25.5,1013,91,3.25,59,84,Rain,heavy rain,3,75.69,102.35,593.06,23.3,34.75,28.5
2025-11-30 06:50:39.505436,Kolkata,25.44,27.31,22.89,26.64,1008,70,7.05,139,96,Drizzle,light drizzle,4,103.01,151.65,680.57,44.16,75.11,25.98
2025-11-30 07:50:39.505436,Hyderabad,28.62,29.4,26.1,31.06,1001,74,3.26,39,60,Haze,smoke,4,103.67,166.46,977.11,16.86,62.85,14.68
2025-11-30 08:50:39.505436,Bangalore,26.92,24.98,24.55,29.76,1013,72,7.19,30,91,Rain,light rain,2,55.99,74.04,873.08,19.68,86.67,25.06
2025-11-30 09:50:39.505436,Chennai,32.45,34.21,30.49,34.74,1023,92,7.57,282,83,Drizzle,drizzle,2,45.42,70.97,644.34,40.0,38.79,25.86
2025-11-30 10:50:39.505436,Ahmedabad,31.05,31.06,28.37,32.31,1010,58,1.44,20,17,Clear,sunny,2,33.28,53.91,767.03,17.2,22.97,14.84
2025-11-30 11:50:39.505436,Chennai,34.69,34.69,32.04,35.84,1016,57,7.14,35,60,Clouds,overcast clouds,3,75.43,120.68,589.72,44.69,49.94,7.02
2025-11-30 12:50:39.505436,Mumbai,32.41,31.85,30.82,34.46,1018,93,7.98,249,87,Rain,moderate rain,2,43.02,71.39,323.84,26.88,24.28,19.18
2025-11-30 13:50:39.505436,Bangalore,25.56,26.98,24.25,27.84,1037,90,1.04,116,98,Rain,heavy rain,1,14.4,40.45,377.14,14.37,75.1,29.08
2025-11-30 14:50:39.505436,Delhi,28.52,27.64,25.91,31.17,1009,71,4.33,38,99,Drizzle,drizzle,5,146.87,236.73,495.21,43.11,22.38,8.84
2025-11-30 15:50:39.505436,Chennai,32.92,34.59,30.35,35.17,991,72,3.29,91,43,Clouds,few clouds,3,73.02,101.17,700.33,40.09,80.28,25.47
2025-11-30 16:50:39.505436,Ahmedabad,29.01,28.83,27.38,30.24,1003,55,5.89,58,51,Clouds,scattered clouds,4,101.69,162.0,226.61,36.17,68.14,13.15
2025-11-30 17:50:39.505436,Mumbai,31.4,30.46,29.98,32.56,1005,69,2.27,199,47,Haze,haze,3,71.03,94.75,446.8,17.02,48.51,9.83
2025-11-30 18:50:39.505436,Hyderabad,26.03,24.57,23.74,27.64,1007,32,5.69,222,12,Clear,sunny,2,40.72,67.92,603.04,46.68,87.29,22.58
2025-11-30 19:50:39.505436,Hyderabad,23.72,22.85,21.98,25.3,1004,52,2.76,152,70,Clouds,broken clouds,3,82.29,122.25,841.54,44.68,96.84,27.86
2025-11-30 20:50:39.505436,Delhi,21.86,20.97,20.24,23.79,999,54,4.83,191,51,Haze,haze,3,68.47,110.52,431.65,13.66,72.17,29.42
2025-11-30 21:50:39.505436,Mumbai,24.39,24.98,22.36,25.62,999,59,3.73,224,74,Haze,haze,3,89.2,117.64,873.1,40.54,66.59,28.31
2025-11-30 22:50:39.505436,Bangalore,20.45,18.7,18.95,23.3,1009,62,3.45,172,71,Clouds,broken clouds,3,62.14,78.13,475.68,35.49,58.87,15.04
2025-11-30 23:50:39.505436,Bangalore,18.07,19.46,15.58,20.95,1008,62,5.92,148,54,Clouds,few clouds,2,32.93,44.4,431.22,12.74,30.64,15.91
2025-12-01 00:50:39.505436,Pune,23.11,23.56,20.98,25.3,1027,70,1.0,89,66,Haze,haze,3,64.1,120.16,261.74,36.83,97.31,27.2
2025-12-01 01:50:39.505436,Hyderabad,25.87,27.19,23.11,28.71,1002,66,4.01,74,57,Clouds,overcast clouds,3,71.52,107.95,592.15,15.79,96.46,24.98
2025-12-01 02:50:39.505436,Hyderabad,22.46,24.31,19.69,23.75,1006,62,2.85,129,54,Haze,haze,3,60.87,83.73,915.26,28.35,22.84,10.6
2025-12-01 03:50:39.505436,Kolkata,22.65,20.98,21.15,24.86,1012,77,7.94,175,52,Haze,haze,5,201.11,314.72,514.78,47.76,68.92,25.3
2025-12-01 04:50:39.505436,Pune,21.76,20.4,19.53,23.09,1013,79,0.89,33,59,Mist,mist,3,72.04,98.25,974.46,13.11,59.19,13.07
2025-12-01 05:50:39.505436,Delhi,24.98,23.24,23.84,26.91,1023,93,7.48,38,81,Rain,heavy rain,5,146.36,229.48,601.63,32.82,31.16,16.64
2025-12-01 06:50:39.505436,Kolkata,26.99,28.25,24.07,29.02,1011,43,3.48,41,15,Clear,sunny,3,67.99,94.16,701.01,46.72,20.66,8.62
2025-12-01 07:50:39.505436,Chennai,30.46,29.78,28.56,31.97,1003,93,6.05,265,94,Rain,heavy rain,3,72.04,105.79,242.24,20.72,36.76,19.05
2025-12-01 08:50:39.505436,Hyderabad,24.97,26.79,22.21,26.71,1010,87,0.53,41,82,Rain,light rain,3,71.98,107.14,314.52,49.21,86.45,9.96
2025-12-01 09:50:39.505436,Mumbai,32.61,31.42,31.18,34.21,1021,57,7.97,268,79,Mist,mist,3,74.86,113.15,632.69,17.14,93.52,23.5
2025-12-01 10:50:39.505436,Hyderabad,29.23,28.81,26.63,32.19,1010,32,3.18,137,12,Clear,sunny,4,102.28,134.83,571.48,27.1,42.67,6.03
2025-12-01 11:50:39.505436,Hyderabad,32.17,31.49,30.33,33.56,997,55,6.14,347,45,Haze,haze,4,91.68,148.01,909.29,36.79,88.24,22.02
2025-12-01 12:50:39.505436,Delhi,30.1,30.74,27.55,31.62,1010,65,2.68,132,53,Clouds,scattered clouds,5,156.8,228.44,819.16,47.6,44.49,15.34
2025-12-01 13:50:39.505436,Chennai,34.27,33.47,31.86,36.29,1011,88,6.72,216,92,Drizzle,light drizzle,4,117.87,189.56,290.92,20.88,25.2,9.67
2025-12-01 14:50:39.505436,Chennai,35.92,34.2,34.6,37.01,998,56,2.84,16,42,Mist,mist,3,69.08,94.01,894.78,31.25,91.68,29.26
2025-12-01 15:50:39.505436,Delhi,28.32,29.11,26.45,31.04,1028,55,2.44,183,5,Clear,clear sky,4,107.31,167.59,883.87,21.23,93.49,14.23
2025-12-01 16:50:39.505436,Bangalore,24.14,23.27,22.66,27.01,1009,68,4.1,185,61,Clouds,overcast clouds,1,18.05,47.71,922.03,32.55,70.12,18.37
2025-12-01 17:50:39.505436,Ahmedabad,30.93,28.94,29.89,33.58,1015,47,3.18,25,16,Clear,sunny,4,90.82,132.09,499.83,40.11,95.01,19.46
2025-12-01 18:50:39.505436,Delhi,23.24,23.09,22.18,26.17,1036,74,6.31,153,94,Drizzle,light drizzle,4,116.83,181.52,437.97,13.59,79.19,12.7
2025-12-01 19:50:39.505436,Mumbai,30.0,30.43,28.61,32.39,998,88,7.8,92,85,Rain,light rain,2,51.86,78.55,398.43,35.15,97.22,24.21
2025-12-01 20:50:39.505436,Chennai,32.01,31.75,30.95,33.82,999,58,7.02,294,49,Haze,haze,3,89.37,130.17,625.83,11.12,48.15,10.84
2025-12-01 21:50:39.505436,Delhi,22.1,22.12,21.04,24.4,998,51,2.46,195,67,Haze,smoke,4,108.52,146.22,642.8,23.74,88.81,11.14
2025-12-01 22:50:39.505436,Bangalore,18.46,18.08,16.67,20.75,1017,76,0.52,18,51,Mist,mist,2,46.61,65.86,681.18,16.69,87.43,9.76
2025-12-01 23:50:39.505436,Hyderabad,19.41,20.74,18.39,21.85,1004,86,1.2,238,84,Drizzle,light drizzle,2,38.41,58.55,561.63,18.3,67.22,18.55
2025-12-02 00:50:39.505436,Hyderabad,19.03,20.41,16.23,21.6,1021,33,3.17,104,15,Clear,clear sky,3,82.83,128.97,657.56,40.4,75.91,8.48
2025-12-02 01:50:39.505436,Mumbai,23.87,25.76,21.89,25.13,1000,61,1.16,144,46,Mist,fog,2,37.42,50.11,901.68,24.37,55.0,29.03
2025-12-02 02:50:39.505436,Ahmedabad,26.23,24.57,23.31,29.04,1001,70,5.73,64,94,Rain,light rain,2,44.64,64.31,591.53,42.09,96.18,20.4
2025-12-02 03:50:39.505436,Ahmedabad,22.34,20.59,21.08,24.01,1015,74,0.87,203,90,Drizzle,light drizzle,2,57.81,103.07,816.12,32.64,57.3,5.45
2025-12-02 04:50:39.505436,Kolkata,24.45,22.46,21.72,27.32,1027,83,4.66,354,85,Rain,heavy rain,5,127.63,186.07,554.34,44.83,55.64,14.69
2025-12-02 05:50:39.505436,Mumbai,30.46,31.27,28.3,32.29,1017,52,5.81,20,10,Clear,clear sky,4,110.53,165.49,808.28,47.9,76.24,5.97
2025-12-02 06:50:39.505436,Bangalore,25.6,23.93,22.98,26.65,1004,37,1.88,196,17,Clear,clear sky,2,51.86,72.19,870.84,47.7,67.02,18.59
2025-12-02 07:50:39.505436,Delhi,25.53,25.61,23.92,27.47,1001,57,1.96,17,41,Clouds,scattered clouds,3,61.67,96.18,654.69,45.86,82.3,18.53
2025-12-02 08:50:39.505436,Mumbai,26.61,24.91,23.81,29.06,1019,72,1.54,151,99,Rain,heavy rain,3,72.73,113.43,221.14,27.2,77.52,11.06
2025-12-02 09:50:39.505436,Chennai,36.02,34.9,33.46,38.75,1024,64,3.83,298,72,Clouds,broken clouds,3,75.06,120.47,204.27,27.51,26.97,20.98
2025-12-02 10:50:39.505436,Chennai,32.35,32.77,31.05,34.49,1017,67,7.06,128,59,Mist,mist,2,46.45,78.52,542.65,17.0,92.09,24.96
2025-12-02 11:50:39.505436,Ahmedabad,30.43,30.79,28.35,31.93,1017,64,4.49,20,79,Haze,haze,2,53.36,82.11,336.18,24.06,30.09,8.34
2025-12-02 12:50:39.505436,Kolkata,33.17,33.35,31.95,36.17,1020,64,1.35,127,52,Clouds,overcast clouds,3,78.87,113.83,591.34,19.03,51.52,5.93
2025-12-02 13:50:39.505436,Bangalore,26.77,28.24,24.84,29.39,1022,64,7.23,157,53,Mist,mist,1,28.88,58.22,206.54,12.32,71.08,26.59
2025-12-02 14:50:39.505436,Chennai,34.33,32.34,31.73,35.91,1003,91,2.45,124,91,Drizzle,drizzle,3,70.26,104.94,281.85,13.13,65.99,5.48
2025-12-02 15:50:39.505436,Chennai,34.07,34.61,31.67,35.91,1016,79,1.53,236,45,Haze,haze,3,76.36,122.21,777.51,44.05,89.02,22.82
2025-12-02 16:50:39.505436,Mumbai,30.76,32.29,28.44,32.78,1005,82,4.87,343,81,Drizzle,drizzle,3,75.14,120.03,725.06,39.81,81.94,24.0
2025-12-02 17:50:39.505436,Ahmedabad,28.66,27.05,26.27,30.54,991,67,0.88,16,72,Clouds,scattered clouds,3,87.4,130.91,935.76,38.45,30.12,11.65
2025-12-02 18:50:39.505436,Ahmedabad,25.7,25.71,22.77,28.19,1006,64,3.8,211,76,Haze,haze,4,98.57,158.67,225.41,26.7,40.01,20.38
2025-12-02 19:50:39.505436,Ahmedabad,29.34,30.71,27.82,30.64,1008,62,1.25,47,52,Mist,fog,2,53.45,78.79,643.77,18.62,48.53,11.14
2025-12-02 20:50:39.505436,Ahmedabad,25.82,24.2,23.86,27.04,1001,70,3.32,255,95,Rain,light rain,2,34.65,46.46,914.72,32.91,79.15,10.94
2025-12-02 21:50:39.505436,Bangalore,18.95,18.65,16.05,20.58,1003,73,7.03,67,64,Clouds,overcast clouds,2,34.82,55.26,957.48,16.15,82.02,15.19
2025-12-02 22:50:39.505436,Ahmedabad,23.23,24.57,21.02,25.57,1017,38,1.96,262,18,Clear,clear sky,2,36.81,55.44,890.58,29.07,67.57,20.38
2025-12-02 23:50:39.505436,Ahmedabad,17.98,17.54,15.21,20.21,1017,90,5.51,100,91,Drizzle,drizzle,2,52.89,61.98,276.44,42.99,77.56,27.48
2025-12-03 00:50:39.505436,Bangalore,17.89,19.41,15.33,19.6,1024,76,0.6,214,81,Drizzle,drizzle,2,51.33,73.55,433.46,31.54,69.9,19.13
2025-12-03 01:50:39.505436,Kolkata,24.69,23.28,23.23,26.53,988,49,4.71,286,4,Clear,sunny,4,91.52,147.64,751.04,44.05,89.69,25.53
2025-12-03 02:50:39.505436,Bangalore,21.08,22.66,19.18,22.2,1029,88,3.1,312,85,Drizzle,light drizzle,3,65.66,107.58,251.51,21.95,56.32,28.44
2025-12-03 03:50:39.505436,Bangalore,18.33,17.83,15.91,19.98,1010,33,3.84,28,18,Clear,clear sky,1,23.71,46.65,315.6,32.11,98.78,24.11
2025-12-03 04:50:39.505436,Bangalore,20.36,20.97,17.42,21.8,1015,52,5.9,338,16,Clear,sunny,2,39.83,51.55,636.78,20.79,56.3,29.83
2025-12-03 05:50:39.505436,Chennai,30.07,29.82,28.48,32.81,1020,54,2.56,222,67,Haze,smoke,2,49.94,75.61,378.85,34.33,25.07,16.5
2025-12-03 06:50:39.505436,Chennai,28.2,29.24,25.62,30.5,1012,33,1.27,294,1,Clear,clear sky,3,77.68,112.08,993.24,24.72,26.97,12.46
2025-12-03 07:50:39.505436,Delhi,27.16,25.97,24.6,28.8,1003,63,4.69,89,66,Mist,mist,5,159.28,224.18,657.4,10.78,64.71,8.49
2025-12-03 08:50:39.505436,Pune,30.35,30.96,27.96,32.76,1027,54,6.17,65,16,Clear,sunny,3,65.98,111.86,575.79,49.75,78.1,23.79
2025-12-03 09:50:39.505436,Bangalore,28.26,27.6,25.54,30.78,1009,31,7.1,204,11,Clear,sunny,2,37.74,54.85,840.96,28.76,42.75,11.85
2025-12-03 10:50:39.505436,Chennai,34.43,35.34,32.14,36.21,1029,61,7.69,69,72,Mist,mist,2,52.0,82.22,734.09,10.13,35.68,6.49
2025-12-03 11:50:39.505436,Pune,28.52,29.57,26.8,29.95,1008,63,6.04,294,64,Haze,haze,1,23.23,38.06,504.6,33.3,75.71,28.5
2025-12-03 12:50:39.505436,Delhi,31.17,32.98,29.56,32.88,1005,87,1.56,106,81,Rain,heavy rain,3,89.37,123.65,306.75,18.49,26.98,8.96
2025-12-03 13:50:39.505436,Pune,29.36,28.56,27.16,30.84,1012,39,7.17,321,8,Clear,sunny,1,24.85,46.7,452.04,31.33,93.45,23.41
2025-12-03 14:50:39.505436,Ahmedabad,32.87,31.27,31.23,34.57,996,63,4.1,296,65,Clouds,few clouds,2,45.48,66.39,988.21,25.96,83.58,17.59
2025-12-03 15:50:39.505436,Kolkata,30.84,30.35,29.55,32.03,1001,74,7.13,92,50,Mist,fog,4,90.54,135.25,868.61,10.99,55.31,9.41
2025-12-03 16:50:39.505436,Ahmedabad,33.15,34.7,31.71,36.08,1002,54,4.33,119,11,Clear,clear sky,3,74.98,107.05,459.9,15.4,44.9,11.83
2025-12-03 17:50:39.505436,Bangalore,22.12,23.54,19.8,24.37,1034,72,6.97,359,64,Haze,smoke,2,41.79,82.02,420.27,11.65,90.17,25.46
2025-12-03 18:50:39.505436,Ahmedabad,28.54,27.3,25.85,29.93,1014,65,6.12,212,62,Clouds,few clouds,2,40.17,75.09,494.27,36.95,79.9,9.41
2025-12-03 19:50:39.505436,Bangalore,23.69,25.13,22.43,25.63,1008,70,5.18,100,91,Drizzle,light drizzle,1,4.88,2.12,744.48,35.43,44.14,16.67
2025-12-03 20:50:39.505436,Mumbai,25.5,26.63,22.82,27.69,1015,55,0.72,92,70,Clouds,scattered clouds,2,41.72,52.89,687.62,35.95,68.3,8.77
2025-12-03 21:50:39.505436,Ahmedabad,22.06,21.22,20.31,23.27,1001,67,2.19,164,75,Clouds,overcast clouds,3,75.21,97.54,567.7,31.59,66.52,15.58
2025-12-03 22:50:39.505436,Delhi,21.19,22.1,18.24,22.5,1015,62,1.89,234,48,Clouds,scattered clouds,4,117.42,175.63,535.07,24.38,58.03,28.35
2025-12-03 23:50:39.505436,Delhi,17.98,18.95,16.74,19.32,1027,69,3.34,146,48,Clouds,overcast clouds,3,75.23,102.5,486.92,28.15,81.13,24.73
2025-12-04 00:50:39.505436,Hyderabad,17.37,15.44,16.11,19.85,1014,76,5.54,169,92,Rain,heavy rain,4,98.43,150.74,824.68,22.51,96.11,20.0
2025-12-04 01:50:39.505436,Bangalore,15.88,14.92,13.28,18.36,1018,70,7.39,232,80,Rain,light rain,2,59.66,63.03,731.52,30.61,31.13,12.26
2025-12-04 02:50:39.505436,Hyderabad,18.99,19.77,17.83,21.02,1017,34,3.4,344,14,Clear,clear sky,2,35.81,41.36,314.0,38.66,34.48,5.9
2025-12-04 03:50:39.505436,Mumbai,28.37,28.62,25.75,30.81,1009,52,5.61,111,79,Clouds,overcast clouds,3,83.63,119.1,878.44,46.86,24.36,9.54
2025-12-04 04:50:39.505436,Pune,18.72,17.8,16.52,21.11,1020,91,4.38,225,90,Rain,moderate rain,1,2.89,9.96,991.82,33.65,99.66,16.2
2025-12-04 05:50:39.505436,Pune,23.33,22.05,21.85,25.72,1039,53,0.78,104,61,Mist,mist,3,78.66,110.57,599.28,47.43,25.67,12.82
2025-12-04 06:50:39.505436,Mumbai,24.45,23.0,21.51,25.68,1005,71,4.16,64,94,Rain,heavy rain,3,60.56,80.07,544.96,34.57,89.15,21.68
2025-12-04 07:50:39.505436,Ahmedabad,29.87,30.69,26.97,32.04,1004,50,5.83,75,71,Mist,mist,2,42.52,72.83,504.08,10.07,25.6,9.93
2025-12-04 08:50:39.505436,Chennai,32.31,30.81,30.28,34.33,1010,93,6.22,67,81,Rain,moderate rain,3,62.44,92.54,895.77,23.49,94.89,21.38
2025-12-04 09:50:39.505436,Mumbai,31.39,32.32,29.91,33.02,1015,57,6.52,59,41,Mist,mist,3,85.65,113.19,562.41,10.19,51.02,16.24
2025-12-04 10:50:39.505436,Chennai,32.01,33.78,30.5,34.54,1028,83,3.6,80,87,Drizzle,drizzle,3,74.1,109.05,536.41,10.11,29.77,14.7
2025-12-04 11:50:39.505436,Delhi,29.62,31.01,27.47,31.73,1013,50,7.92,303,44,Clouds,few clouds,2,45.57,49.27,900.28,26.12,53.37,10.68
2025-12-04 12:50:39.505436,Kolkata,29.69,30.5,27.12,31.54,1018,85,2.74,238,84,Rain,heavy rain,4,92.72,152.87,503.58,18.5,69.74,7.18
2025-12-04 13:50:39.505436,Mumbai,32.21,31.89,31.09,34.84,1001,86,2.7,32,86,Drizzle,light drizzle,2,48.49,82.45,965.13,22.35,97.12,28.22
2025-12-04 14:50:39.505436,Chennai,37.49,38.57,35.0,40.44,1031,79,0.71,189,65,Clouds,few clouds,4,109.16,173.75,271.87,21.8,24.31,20.77
2025-12-04 15:50:39.505436,Ahmedabad,33.22,34.86,30.31,35.84,1018,39,2.69,155,1,Clear,sunny,2,30.18,40.56,882.27,41.98,99.82,25.45
